Transaction Date,Posted Date,Card No.,Description,Category,Debit,Credit
2022-12-29,2022-12-30,7100,DOORDASH DASHPASS,Dining,9.99,
2022-12-29,2022-12-29,7100,CAPITAL ONE MOBILE PYMT,Payment/Credit,,4551.43
2022-12-27,2022-12-29,7100,HOMEROOM,Dining,54.86,
2022-12-28,2022-12-29,7100,CHEVRON 0203186,Gas/Automotive,40.49,
2022-12-28,2022-12-29,7100,SUPER TACOS,Dining,35.00,
2022-12-27,2022-12-29,7100,STARBUCKS STORE 08676,Dining,4.25,
2022-12-27,2022-12-28,7100,OAKLAND PARK METER IPS,Other Services,2.25,
2022-12-28,2022-12-28,7100,APPLE.COM/BILL,Internet,0.99,
2022-12-28,2022-12-28,7100,APPLE.COM/BILL,Internet,14.99,
2022-12-26,2022-12-27,7100,CHEVRON 0203186,Gas/Automotive,13.68,
2022-12-23,2022-12-24,7100,"PARKWHIZ, INC.",Gas/Automotive,13.00,
2022-12-23,2022-12-24,7100,FINNEGANS PUB,Dining,25.00,
2022-12-22,2022-12-24,7100,PBS SACRAMENTO,Dining,90.00,
2022-12-22,2022-12-23,7100,TEN TEN ROOM,Dining,33.00,
2022-12-22,2022-12-23,7100,CHEVRON 0203186,Gas/Automotive,32.18,
2022-12-21,2022-12-22,7100,UTC  #31007,Dining,39.00,
2022-12-21,2022-12-22,7100,IZUMI SUSHI,Dining,270.00,
2022-12-21,2022-12-22,7100,CHEVRON 0096377,Gas/Automotive,23.03,
2022-12-20,2022-12-22,7100,IZAKAYA GINJI RESTAURA,Dining,425.00,
2022-12-20,2022-12-22,7100,STARBUCKS STORE 00618,Dining,3.25,
2022-12-20,2022-12-21,7100,SMCCD CSM BOOKSTORE,Merchandise,3.50,
2022-12-20,2022-12-21,7100,FASTRAK CSC,Gas/Automotive,25.00,
2022-12-20,2022-12-21,7100,BEYOND MENU  91424090,Dining,116.21,
2022-12-19,2022-12-21,7100,STARBUCKS STORE 24132,Dining,3.25,
2022-12-19,2022-12-21,7100,SOUTHWES  5262198766696,Airfare,162.96,
2022-12-19,2022-12-20,7100,SMCCD CSM BOOKSTORE,Merchandise,3.50,
2022-12-19,2022-12-20,7100,CHEVRON 0096377,Gas/Automotive,27.53,
2022-12-18,2022-12-20,7100,WENDYS #3959,Dining,17.44,
2022-12-18,2022-12-19,7100,CHEVRON 0203186,Gas/Automotive,32.68,
2022-12-16,2022-12-19,7100,SAFEWAY #0705,Merchandise,11.67,
2022-12-16,2022-12-17,7100,CritSuccess LLC,Merchandise,26.59,
2022-12-16,2022-12-17,7100,SMCCD CSM BOOKSTORE,Merchandise,3.50,
2022-12-16,2022-12-17,7100,SMCCD CSM BOOKSTORE,Merchandise,3.50,
2022-12-15,2022-12-17,7100,MOKUTANYA,Dining,613.77,
2022-12-16,2022-12-17,7100,CHEVRON 0096377,Gas/Automotive,33.53,
2022-12-15,2022-12-16,7100,SMCCD CSM BOOKSTORE,Merchandise,5.00,
2022-12-16,2022-12-16,7100,AAA INSURANCE,Insurance,289.42,
2022-12-14,2022-12-16,7100,WANG DAE BAK,Dining,140.00,
2022-12-15,2022-12-16,7100,CHEVRON 0376375,Gas/Automotive,15.02,
2022-12-14,2022-12-15,7100,SMCCD CSM BOOKSTORE,Merchandise,3.25,
2022-12-14,2022-12-15,7100,SMCCD CSM BOOKSTORE,Merchandise,11.88,
2022-12-14,2022-12-15,7100,SMCCD CSM BOOKSTORE,Merchandise,2.50,
2022-12-14,2022-12-15,7100,SMCCD CSM BOOKSTORE,Merchandise,2.50,
2022-12-14,2022-12-15,7100,HEALTHYGAMER.GG,Health Care,200.00,
2022-12-13,2022-12-14,7100,GYU KAKU RESTAURANT,Dining,200.00,
2022-12-12,2022-12-13,7100,NIJIYA MARKET #63,Merchandise,12.66,
2022-12-12,2022-12-13,7100,CHEVRON 0204974,Gas/Automotive,39.74,
2022-12-12,2022-12-13,7100,DD DOORDASH TOMMYTHAI,Dining,25.09,
2022-12-12,2022-12-13,7100,DD DOORDASH MENDOCINO,Dining,18.25,
2022-12-11,2022-12-12,7100,SUPER HOT HOTPOT & KOR,Dining,200.08,
2022-12-10,2022-12-12,7100,SAFEWAY #0705,Merchandise,18.66,
2022-12-10,2022-12-12,7100,ATT* BILL PAYMENT,Phone/Cable,106.29,
2022-12-10,2022-12-12,7100,CHEVRON 0376375,Gas/Automotive,16.01,
2022-12-09,2022-12-10,7100,SMCCD CSM BOOKSTORE,Merchandise,3.00,
2022-12-09,2022-12-10,7100,SMCCD CSM BOOKSTORE,Merchandise,3.50,
2022-12-09,2022-12-10,7100,MAJIKKU RAMEN,Dining,130.00,
2022-12-08,2022-12-09,7100,SMCCD CSM BOOKSTORE,Merchandise,7.00,
2022-12-08,2022-12-09,7100,SMCCD CSM BOOKSTORE,Merchandise,3.50,
2022-12-07,2022-12-09,7100,WANG DAE BAK,Dining,500.00,
2022-12-07,2022-12-08,7100,SMCCD CSM BOOKSTORE,Merchandise,5.75,
2022-12-07,2022-12-08,7100,SMCCD CSM BOOKSTORE,Merchandise,3.50,
2022-12-06,2022-12-08,7100,IN N OUT BURGER 257,Dining,10.72,
2022-12-06,2022-12-07,7100,SMCCD CSM BOOKSTORE,Merchandise,3.50,
2022-12-06,2022-12-07,7100,CHEVRON 0096377,Gas/Automotive,36.18,
2022-12-06,2022-12-07,7100,TARGET        00011221,Merchandise,31.65,
2022-12-05,2022-12-07,7100,JTI*TWITCHTV SUB SRVCS,Other Services,4.99,
2022-12-06,2022-12-07,7100,AMZN Mktp US*1L4F78MJ3,Merchandise,193.14,
2022-12-06,2022-12-07,7100,AMZN Mktp US*FN9AG30Y3,Merchandise,8.72,
2022-12-05,2022-12-06,7100,SMCCD CSM BOOKSTORE,Merchandise,9.10,
2022-12-05,2022-12-06,7100,SMCCD CSM BOOKSTORE,Merchandise,3.50,
2022-12-05,2022-12-06,7100,SMCCD CSM BOOKSTORE,Merchandise,3.50,
2022-12-04,2022-12-06,7100,IN N OUT BURGER 213,Dining,9.35,
2022-12-05,2022-12-05,7100,CAPITAL ONE ONLINE PYMT,Payment/Credit,,171.75
2022-12-04,2022-12-05,7100,CHEVRON 0210286,Gas/Automotive,21.80,
2022-12-02,2022-12-03,7100,SMCCD CSM BOOKSTORE,Merchandise,3.50,
2022-12-02,2022-12-03,7100,CHEVRON 0204974,Gas/Automotive,39.88,
2022-12-01,2022-12-03,7100,IZAKAYA GINJI RESTAURA,Dining,287.90,
2022-12-01,2022-12-02,7100,SMCCD CSM BOOKSTORE,Merchandise,3.00,
2022-12-01,2022-12-02,7100,SMCCD CSM BOOKSTORE,Merchandise,3.50,
2022-12-01,2022-12-02,7100,REDWOOD SKYLINE,Dining,8.76,
2022-12-01,2022-12-02,7100,Spotify USA,Phone/Cable,9.99,
2022-12-01,2022-12-02,7100,WANG DAE BAK,Dining,199.33,
2022-12-01,2022-12-01,7100,CAPITAL ONE ONLINE PYMT,Payment/Credit,,2400.00
2022-11-30,2022-12-01,7100,SMCCD CSM BOOKSTORE,Merchandise,3.50,
2022-11-30,2022-12-01,7100,SMCCD CSM BOOKSTORE,Merchandise,3.50,
2022-11-29,2022-11-30,7100,SMCCD CSM BOOKSTORE,Merchandise,7.00,
2022-11-29,2022-11-30,7100,MCDONALDS  F6641,Dining,12.22,
2022-11-29,2022-11-30,7100,DOORDASH DASHPASS,Dining,9.99,
2022-11-29,2022-11-30,7100,REDWOOD SKYLINE,Dining,3.83,
2022-11-28,2022-11-30,7100,IN N OUT BURGER 257,Dining,12.63,
2022-11-28,2022-11-29,7100,SMCCD CSM BOOKSTORE,Merchandise,3.50,
2022-11-28,2022-11-29,7100,CHEVRON 0096377,Gas/Automotive,43.49,
2022-11-28,2022-11-28,7100,APPLE.COM/BILL,Internet,14.99,
2022-11-28,2022-11-28,7100,APPLE.COM/BILL,Internet,0.99,
2022-11-27,2022-11-28,7100,DD DOORDASH MENDOCINO,Dining,21.49,
2022-11-23,2022-11-25,7100,TACO BELL 30796,Dining,8.17,
2022-11-23,2022-11-25,7100,SAFEWAY #0705,Merchandise,37.99,
2022-11-23,2022-11-25,7100,SMCCD CSM BOOKSTORE,Merchandise,9.05,
2022-11-23,2022-11-25,7100,SMCCD CSM BOOKSTORE,Merchandise,5.00,
2022-11-23,2022-11-25,7100,SMCCD CSM BOOKSTORE,Merchandise,3.25,
2022-11-23,2022-11-25,7100,SMCCD CSM BOOKSTORE,Merchandise,3.50,
2022-11-23,2022-11-25,7100,REDWOOD SKYLINE,Dining,7.24,
2022-11-23,2022-11-25,7100,WANG DAE BAK,Dining,135.00,
2022-11-22,2022-11-23,7100,SMCCD CSM BOOKSTORE,Merchandise,3.50,
2022-11-21,2022-11-22,7100,SMCCD CSM BOOKSTORE,Merchandise,3.50,
2022-11-21,2022-11-22,7100,REDWOOD SKYLINE,Dining,8.76,
2022-11-20,2022-11-22,7100,SAFEWAY #0705,Merchandise,41.51,
2022-11-21,2022-11-21,7100,CAPITAL ONE ONLINE PYMT,Payment/Credit,,2635.79
2022-11-18,2022-11-21,7100,WANG DAE BAK,Dining,250.00,
2022-11-20,2022-11-21,7100,CHEVRON 0096377,Gas/Automotive,45.50,
2022-11-19,2022-11-21,7100,JACK IN THE BOX 3425,Dining,11.44,
2022-11-20,2022-11-21,7100,DD DOORDASH TOMMYTHAI,Dining,25.09,
2022-11-18,2022-11-19,7100,SMCCD CSM BOOKSTORE,Merchandise,3.50,
2022-11-18,2022-11-19,7100,REDWOOD SKYLINE,Dining,14.47,
2022-11-17,2022-11-19,7100,WANG DAE BAK,Dining,141.00,
2022-11-17,2022-11-18,7100,SMCCD CSM BOOKSTORE,Merchandise,7.00,
2022-11-17,2022-11-18,7100,SMCCD CSM BOOKSTORE,Merchandise,3.50,
2022-11-17,2022-11-18,7100,REDWOOD SKYLINE,Dining,13.51,
2022-11-17,2022-11-18,7100,WANG DAE BAK,Dining,240.00,
2022-11-17,2022-11-18,7100,JACK IN THE BOX 3425,Dining,11.00,
2022-11-15,2022-11-17,7100,STONESTOWN GALLERIA RE,Dining,16.00,
2022-11-16,2022-11-17,7100,SMCCD CSM BOOKSTORE,Merchandise,3.50,
2022-11-17,2022-11-17,7100,CHEVRON 0096377,Gas/Automotive,49.30,
2022-11-16,2022-11-17,7100,REDWOOD SKYLINE,Dining,7.91,
2022-11-15,2022-11-17,7100,SAFEWAY #0705,Merchandise,8.42,
2022-11-15,2022-11-16,7100,SMCCD CSM BOOKSTORE,Merchandise,3.50,
2022-11-15,2022-11-16,7100,SMCCD CSM BOOKSTORE,Merchandise,3.50,
2022-11-16,2022-11-16,7100,AAA INSURANCE,Insurance,289.42,
2022-11-14,2022-11-15,7100,SMCCD CSM BOOKSTORE,Merchandise,9.75,
2022-11-14,2022-11-15,7100,SMCCD CSM BOOKSTORE,Merchandise,3.50,
2022-11-14,2022-11-15,7100,REDWOOD SKYLINE,Dining,6.02,
2022-11-14,2022-11-15,7100,AMZN Mktp US*HB8PP7YO0,Merchandise,127.63,
2022-11-12,2022-11-14,7100,SEAPOT,Dining,320.00,
2022-11-12,2022-11-14,7100,DD DOORDASH TOMMYTHAI,Dining,25.09,
2022-11-12,2022-11-14,7100,DD DOORDASH CHIPOTLE,Dining,19.52,
2022-11-10,2022-11-12,7100,TOP POT,Dining,267.31,
2022-11-11,2022-11-12,7100,WANG DAE BAK,Dining,140.00,
2022-11-11,2022-11-12,7100,AMZN Mktp US*HB5B39XZ1,Merchandise,129.49,
2022-11-10,2022-11-11,7100,SMCCD CSM BOOKSTORE,Merchandise,2.50,
2022-11-10,2022-11-11,7100,REDWOOD SKYLINE,Dining,8.76,
2022-11-10,2022-11-11,7100,REDWOOD SKYLINE,Dining,14.47,
2022-11-10,2022-11-11,7100,ATT* BILL PAYMENT,Phone/Cable,106.29,
2022-11-09,2022-11-11,7100,WANG DAE BAK,Dining,305.00,
2022-11-09,2022-11-11,7100,WANG DAE BAK,Dining,210.00,
2022-11-09,2022-11-10,7100,SMCCD CSM BOOKSTORE,Merchandise,5.69,
2022-11-09,2022-11-10,7100,SMCCD CSM BOOKSTORE,Merchandise,3.50,
2022-11-10,2022-11-10,7100,CHEVRON 0090838,Gas/Automotive,37.63,
2022-11-09,2022-11-10,7100,REDWOOD SKYLINE,Dining,8.63,
2022-11-08,2022-11-09,7100,SMCCD CSM BOOKSTORE,Merchandise,3.50,
2022-11-08,2022-11-09,7100,MAJIKKU RAMEN,Dining,160.00,
2022-11-08,2022-11-09,7100,REDWOOD SKYLINE,Dining,3.87,
2022-11-08,2022-11-09,7100,AMAZON.COM*H20SD7RL1 A,Merchandise,21.14,
2022-11-07,2022-11-08,7100,SMCCD CSM BOOKSTORE,Merchandise,3.50,
2022-11-07,2022-11-08,7100,AMAZON.COM*HB4P43L70 A,Merchandise,21.76,
2022-11-07,2022-11-08,7100,REDWOOD SKYLINE,Dining,8.36,
2022-11-06,2022-11-08,7100,TST* Steins Beer Garde,Dining,242.71,
2022-11-06,2022-11-08,7100,THE HOME DEPOT 6603,Merchandise,88.94,
2022-11-06,2022-11-07,7100,JTI*TWITCHTV SUB SRVCS,Other Services,4.99,
2022-11-06,2022-11-07,7100,TARGET        00032656,Merchandise,53.38,
2022-11-06,2022-11-07,7100,DD DOORDASH MENDOCINO,Dining,18.25,
2022-11-04,2022-11-05,7100,SMCCD CSM BOOKSTORE,Merchandise,6.06,
2022-11-04,2022-11-05,7100,SMCCD CSM BOOKSTORE,Merchandise,3.50,
2022-11-04,2022-11-05,7100,IZUMI SUSHI,Dining,260.00,
2022-11-04,2022-11-05,7100,REDWOOD SKYLINE,Dining,7.24,
2022-11-03,2022-11-05,7100,WANG DAE BAK,Dining,170.00,
2022-11-03,2022-11-04,7100,SMCCD CSM BOOKSTORE,Merchandise,3.50,
2022-11-03,2022-11-04,7100,SMCCD CSM BOOKSTORE,Merchandise,3.50,
2022-11-03,2022-11-04,7100,CHEVRON 0090838,Gas/Automotive,44.00,
2022-11-02,2022-11-04,7100,WANG DAE BAK,Dining,200.00,
2022-11-02,2022-11-03,7100,SMCCD CSM BOOKSTORE,Merchandise,3.50,
2022-11-02,2022-11-03,7100,SMCCD CSM BOOKSTORE,Merchandise,3.50,
2022-11-02,2022-11-03,7100,REDWOOD SKYLINE,Dining,8.90,
2022-11-02,2022-11-02,7100,CAPITAL ONE MOBILE PYMT,Payment/Credit,,1702.33
2022-11-01,2022-11-02,7100,SMCCD CSM BOOKSTORE,Merchandise,3.50,
2022-11-01,2022-11-02,7100,SMCCD CSM BOOKSTORE,Merchandise,3.50,
2022-11-01,2022-11-02,7100,MAJIKKU RAMEN,Dining,160.00,
2022-11-01,2022-11-02,7100,REDWOOD SKYLINE,Dining,11.33,
2022-11-01,2022-11-02,7100,Spotify USA,Phone/Cable,9.99,
2022-10-31,2022-11-01,7100,SMCCD CSM BOOKSTORE,Merchandise,14.49,
2022-10-31,2022-11-01,7100,SMCCD CSM BOOKSTORE,Merchandise,3.50,
2022-11-01,2022-11-01,7100,CAPITAL ONE ONLINE PYMT,Payment/Credit,,1394.62
2022-10-31,2022-11-01,7100,REDWOOD SKYLINE,Dining,9.58,
2022-10-30,2022-11-01,7100,TACO BELL #28836,Dining,10.14,
2022-10-31,2022-11-01,7100,DD DOORDASH TOMMYTHAI,Dining,26.09,
2022-10-28,2022-10-31,7100,WANG DAE BAK,Dining,100.00,
2022-10-28,2022-10-31,7100,WANG DAE BAK,Dining,300.00,
2022-10-30,2022-10-31,7100,NBA League Pass,Phone/Cable,129.99,
2022-10-29,2022-10-31,7100,TST* Steins Beer Garde,Dining,116.55,
2022-10-30,2022-10-31,7100,DD DOORDASH TOMMYTHAI,Dining,25.00,
2022-10-29,2022-10-31,7100,DOORDASH DASHPASS,Dining,9.99,
2022-10-29,2022-10-31,7100,SQ *1-800-GOT-JUNK,Utilities,957.00,
2022-10-28,2022-10-29,7100,SMCCD CSM BOOKSTORE,Merchandise,3.00,
2022-10-28,2022-10-29,7100,SMCCD CSM BOOKSTORE,Merchandise,3.50,
2022-10-28,2022-10-29,7100,CHEVRON 0090838,Gas/Automotive,45.39,
2022-10-28,2022-10-29,7100,TOP POT,Dining,343.83,
2022-10-28,2022-10-29,7100,REDWOOD SKYLINE,Dining,10.40,
2022-10-27,2022-10-28,7100,SMCCD CSM BOOKSTORE,Merchandise,61.38,
2022-10-27,2022-10-28,7100,SMCCD CSM BOOKSTORE,Merchandise,3.50,
2022-10-28,2022-10-28,7100,APPLE.COM/BILL,Internet,14.99,
2022-10-28,2022-10-28,7100,APPLE.COM/BILL,Internet,0.99,
2022-10-27,2022-10-28,7100,REDWOOD SKYLINE,Dining,8.27,
2022-10-26,2022-10-27,7100,SMCCD CSM BOOKSTORE,Merchandise,3.50,
2022-10-26,2022-10-26,7100,CAPITAL ONE ONLINE PYMT,Payment/Credit,,210.02
2022-10-25,2022-10-26,7100,MAJIKKU RAMEN,Dining,50.00,
2022-10-25,2022-10-26,7100,AMZN MKTP US*H83TL6XB2,Merchandise,10.90,
2022-10-25,2022-10-26,7100,SMCCD CSM BOOKSTORE,Merchandise,3.50,
2022-10-25,2022-10-26,7100,REDWOOD SKYLINE,Dining,8.99,
2022-10-24,2022-10-25,7100,SMCCD CSM BOOKSTORE,Merchandise,3.50,
2022-10-24,2022-10-25,7100,SMCCD CSM BOOKSTORE,Merchandise,3.50,
2022-10-24,2022-10-25,7100,NIJIYA MARKET #63,Merchandise,26.86,
2022-10-24,2022-10-25,7100,REDWOOD SKYLINE,Dining,6.74,
2022-10-23,2022-10-25,7100,IN N OUT BURGER 257,Dining,20.34,
2022-10-23,2022-10-24,7100,CHEVRON 0096377,Gas/Automotive,35.65,
2022-10-23,2022-10-24,7100,CAPITAL ONE ONLINE PYMT,Payment/Credit,,755.01
2022-10-21,2022-10-24,7100,LVL UPROAR,Dining,47.75,
2022-10-21,2022-10-24,7100,LVL UPROAR,Dining,43.88,
2022-10-23,2022-10-24,7100,DD DOORDASH WINGSTOP,Dining,59.17,
2022-10-21,2022-10-24,7100,BETTERHELP  *JACOBS JE,Professional Services,320.00,
2022-10-21,2022-10-22,7100,SOURDOUGH & CO PACIFIC,Dining,15.00,
2022-10-21,2022-10-22,7100,SMCCD CSM BOOKSTORE,Merchandise,3.50,
2022-10-21,2022-10-22,7100,REDWOOD SKYLINE,Dining,6.12,
2022-10-21,2022-10-22,7100,REDWOOD SKYLINE,Dining,7.91,
2022-10-21,2022-10-22,7100,CHEVRON 0204974,Gas/Automotive,46.10,
2022-10-20,2022-10-21,7100,MCDONALDS  F6641,Dining,22.73,
2022-10-20,2022-10-21,7100,SMCCD CSM BOOKSTORE,Merchandise,3.50,
2022-10-20,2022-10-21,7100,REDWOOD SKYLINE,Dining,8.76,
2022-10-19,2022-10-21,7100,WANG DAE BAK,Dining,230.00,
2022-10-19,2022-10-20,7100,SMCCD CSM BOOKSTORE,Merchandise,13.18,
2022-10-19,2022-10-20,7100,SMCCD CSM BOOKSTORE,Merchandise,3.50,
2022-10-19,2022-10-20,7100,REDWOOD SKYLINE,Dining,6.74,
2022-10-18,2022-10-19,7100,SMCCD CSM BOOKSTORE,Merchandise,12.75,
2022-10-18,2022-10-19,7100,REDWOOD SKYLINE,Dining,7.46,
2022-10-17,2022-10-19,7100,IN N OUT BURGER 257,Dining,8.31,
2022-10-18,2022-10-19,7100,Amazon.com*HT4AN7GD2,Merchandise,39.50,
2022-10-17,2022-10-18,7100,SMCCD CSM BOOKSTORE,Merchandise,6.00,
2022-10-17,2022-10-18,7100,REDWOOD SKYLINE,Dining,11.96,
2022-10-17,2022-10-18,7100,FRG*TEAMFANSHOP,Merchandise,158.58,
2022-10-17,2022-10-18,7100,SANMATEOCOURT FINE PAY,Other,162.00,
2022-10-15,2022-10-17,7100,BURGERS AND BREW DAVIS,Dining,135.00,
2022-10-17,2022-10-17,7100,DOORDASH*PANDA EXPRESS,Dining,56.61,
2022-10-15,2022-10-17,7100,STARBUCKS STORE 05729,Dining,68.00,
2022-10-16,2022-10-17,7100,AAA INSURANCE,Insurance,289.41,
2022-10-14,2022-10-15,7100,MCDONALDS  F6641,Dining,12.79,
2022-10-14,2022-10-15,7100,REDWOOD SKYLINE,Dining,8.76,
2022-10-13,2022-10-15,7100,SMCCD CSM BOOKSTORE,Merchandise,7.51,
2022-10-13,2022-10-14,7100,SMCCD CSM BOOKSTORE,Merchandise,3.50,
2022-10-13,2022-10-14,7100,CHEVRON 0204974,Gas/Automotive,49.90,
2022-10-12,2022-10-14,7100,PCHRG INC,Dining,250.00,
2022-10-11,2022-10-12,7100,MAJIKKU RAMEN,Dining,50.00,
2022-10-11,2022-10-12,7100,ATT* BILL PAYMENT,Phone/Cable,105.29,
2022-10-11,2022-10-12,7100,SMCCD CSM BOOKSTORE,Merchandise,3.50,
2022-10-11,2022-10-12,7100,REDWOOD SKYLINE,Dining,4.85,
2022-10-10,2022-10-12,7100,IN N OUT BURGER 257,Dining,20.13,
2022-10-10,2022-10-11,7100,TARGET        00011221,Merchandise,25.29,
2022-10-10,2022-10-11,7100,SMCCD CSM BOOKSTORE,Merchandise,3.50,
2022-10-10,2022-10-11,7100,REDWOOD SKYLINE,Dining,9.98,
2022-10-10,2022-10-11,7100,AMZN Mktp US*1K5U956N1,Merchandise,316.45,
2022-10-10,2022-10-11,7100,DD DOORDASH TOMMYTHAI,Dining,126.38,
2022-10-10,2022-10-10,7100,CAPITAL ONE AUTOPAY PYMT,Payment/Credit,,1090.47
2022-10-10,2022-10-10,7100,AMZN Mktp US*1K3L428F1,Merchandise,39.99,
2022-10-10,2022-10-10,7100,CAPITAL ONE ONLINE PYMT,Payment/Credit,,1199.52
2022-10-07,2022-10-10,7100,SAFEWAY #1138,Merchandise,59.20,
2022-10-07,2022-10-08,7100,SMCCD CSM BOOKSTORE,Merchandise,12.94,
2022-10-07,2022-10-08,7100,SMCCD CSM BOOKSTORE,Merchandise,3.00,
2022-10-07,2022-10-08,7100,REDWOOD SKYLINE,Dining,8.76,
2022-10-07,2022-10-08,7100,DD DOORDASH TACOBELL,Dining,33.62,
2022-10-07,2022-10-08,7100,DD DOORDASH PIZZAMYHE,Dining,32.45,
2022-10-06,2022-10-07,7100,JTI*TWITCHTV SUB SRVCS,Other Services,4.99,
2022-10-06,2022-10-07,7100,SMCCD CSM BOOKSTORE,Merchandise,3.50,
2022-10-06,2022-10-07,7100,CHEVRON 0204974,Gas/Automotive,58.31,
2022-10-06,2022-10-06,7100,SQ *GILMAN BREWING COM,Dining,111.00,
2022-10-05,2022-10-06,7100,SMCCD CSM BOOKSTORE,Merchandise,3.50,
2022-10-05,2022-10-06,7100,REDWOOD SKYLINE,Dining,10.70,
2022-10-04,2022-10-05,7100,SMCCD CSM BOOKSTORE,Merchandise,5.69,
2022-10-04,2022-10-05,7100,SMCCD CSM BOOKSTORE,Merchandise,22.15,
2022-10-04,2022-10-05,7100,SMCCD CSM BOOKSTORE,Merchandise,3.50,
2022-10-02,2022-10-04,7100,TACO BELL 30796,Dining,8.93,
2022-10-03,2022-10-03,7100,CAPITAL ONE ONLINE PYMT,Payment/Credit,,2202.74
2022-10-02,2022-10-03,7100,NIJIYA MARKET #63,Merchandise,65.45,
2022-10-01,2022-10-03,7100,MCDONALDS  F6641,Dining,23.38,
2022-10-02,2022-10-03,7100,Spotify USA,Phone/Cable,9.99,
2022-09-30,2022-10-01,7100,SMCCD CSM BOOKSTORE,Merchandise,3.50,
2022-09-30,2022-10-01,7100,REDWOOD SKYLINE,Dining,10.70,
2022-09-29,2022-09-30,7100,JERSEY JOES CHEESESTEA,Dining,29.46,
2022-09-29,2022-09-30,7100,DOORDASH DASHPASS,Dining,9.99,
2022-09-29,2022-09-30,7100,SMCCD CSM BOOKSTORE,Merchandise,3.50,
2022-09-29,2022-09-30,7100,SMCCD CSM BOOKSTORE,Merchandise,3.50,
2022-09-29,2022-09-30,7100,REDWOOD SKYLINE,Dining,8.76,
2022-09-28,2022-09-29,7100,SMCCD CSM BOOKSTORE,Merchandise,3.50,
2022-09-28,2022-09-29,7100,SMCCD CSM BOOKSTORE,Merchandise,5.99,
2022-09-28,2022-09-29,7100,REDWOOD SKYLINE,Dining,7.46,
2022-09-28,2022-09-29,7100,REDWOOD SKYLINE,Dining,13.46,
2022-09-29,2022-09-29,7100,SQ *GILMAN BREWING COM,Dining,125.00,
2022-09-27,2022-09-28,7100,HIMAWARI TEI,Dining,42.73,
2022-09-28,2022-09-28,7100,APPLE.COM/BILL,Internet,0.99,
2022-09-27,2022-09-28,7100,SMCCD CSM BOOKSTORE,Merchandise,3.50,
2022-09-27,2022-09-28,7100,REDWOOD SKYLINE,Dining,8.72,
2022-09-26,2022-09-28,7100,WENDYS #3959,Dining,11.20,
2022-09-26,2022-09-27,7100,SMCCD CSM BOOKSTORE,Merchandise,3.50,
2022-09-25,2022-09-27,7100,TACO BELL 30796,Dining,10.47,
2022-09-25,2022-09-26,7100,CVS/PHARMACY #09216,Health Care,53.01,
2022-09-25,2022-09-26,7100,IZUMI SUSHI,Dining,125.00,
2022-09-25,2022-09-26,7100,CHEVRON 0097927,Gas/Automotive,28.01,
2022-09-24,2022-09-26,7100,MCDONALDS  F6641,Dining,24.04,
2022-09-25,2022-09-26,7100,APPLE.COM/BILL,Internet,14.99,
2022-09-23,2022-09-26,7100,BETTERHELP  *JACOBS JE,Professional Services,320.00,
2022-09-23,2022-09-24,7100,SMCCD CSM BOOKSTORE,Merchandise,3.50,
2022-09-23,2022-09-24,7100,SMCCD CSM BOOKSTORE,Merchandise,3.50,
2022-09-23,2022-09-24,7100,REDWOOD SKYLINE,Dining,7.76,
2022-09-22,2022-09-24,7100,TACO BELL 30796,Dining,7.63,
2022-09-22,2022-09-23,7100,SMCCD CSM BOOKSTORE,Merchandise,2.50,
2022-09-21,2022-09-22,7100,CHEVRON 0204974,Gas/Automotive,46.38,
2022-09-21,2022-09-22,7100,SMCCD CSM BOOKSTORE,Merchandise,3.50,
2022-09-21,2022-09-22,7100,SMCCD CSM BOOKSTORE,Merchandise,7.00,
2022-09-22,2022-09-22,7100,SQ *GILMAN BREWING COM,Dining,130.00,
2022-09-20,2022-09-22,7100,IN N OUT BURGER 257,Dining,9.84,
2022-09-20,2022-09-21,7100,SMCCD CSM BOOKSTORE,Merchandise,2.50,
2022-09-19,2022-09-20,7100,AMZN MKTP US*1M68S9GJ2,Merchandise,14.15,
2022-09-19,2022-09-20,7100,SMCCD CSM BOOKSTORE,Merchandise,3.50,
2022-09-18,2022-09-20,7100,SAFEWAY #1138,Merchandise,72.71,
2022-09-17,2022-09-19,7100,MCDONALDS  F6641,Dining,13.11,
2022-09-16,2022-09-17,7100,SQ *A GRAPE IN THE FOG,Dining,135.00,
2022-09-16,2022-09-17,7100,REDWOOD SKYLINE,Dining,8.76,
2022-09-15,2022-09-17,7100,TACO BELL 30796,Dining,8.00,
2022-09-15,2022-09-16,7100,SMCCD CSM BOOKSTORE,Merchandise,9.25,
2022-09-15,2022-09-16,7100,REDWOOD SKYLINE,Dining,7.73,
2022-09-16,2022-09-16,7100,AAA INSURANCE,Insurance,249.75,
2022-09-15,2022-09-15,7100,SQ *GILMAN BREWING COM,Dining,60.00,
2022-09-14,2022-09-15,7100,SMCCD CSM BOOKSTORE,Merchandise,3.50,
2022-09-13,2022-09-14,7100,MAJIKKU RAMEN,Dining,50.00,
2022-09-13,2022-09-14,7100,SMCCD CSM BOOKSTORE,Merchandise,3.50,
2022-09-12,2022-09-13,7100,SMCCD CSM BOOKSTORE,Merchandise,3.50,
2022-09-12,2022-09-13,7100,SMCCD CSM BOOKSTORE,Merchandise,3.50,
2022-09-12,2022-09-13,7100,REDWOOD SKYLINE,Dining,8.76,
2022-09-12,2022-09-13,7100,TST* Wursthall,Dining,27.41,
2022-09-12,2022-09-13,7100,TST* Wursthall,Dining,20.55,
2022-09-12,2022-09-13,7100,TST* Wursthall,Dining,30.14,
2022-09-11,2022-09-12,7100,CHEVRON 0090206,Gas/Automotive,54.42,
2022-09-10,2022-09-12,7100,ATT* BILL PAYMENT,Phone/Cable,105.54,
2022-09-10,2022-09-12,7100,WALGREENS #7970,Health Care,53.00,
2022-09-09,2022-09-12,7100,IN N OUT BURGER 209,Dining,7.24,
2022-09-09,2022-09-12,7100,LAZ PARKING 670971-TIB,Gas/Automotive,4.00,
2022-09-09,2022-09-12,7100,STARBUCKS STORE 05785,Dining,5.45,
2022-09-10,2022-09-12,7100,CHEVRON 0370118,Gas/Automotive,41.45,
2022-09-10,2022-09-10,7100,CAPITAL ONE AUTOPAY PYMT,Payment/Credit,,1036.87
2022-09-09,2022-09-10,7100,KINOKUNIYA BOOKSTORES,Merchandise,204.61,
2022-09-09,2022-09-10,7100,DAVE & BUSTERS#75 WEST,Dining,35.00,
2022-09-09,2022-09-10,7100,DAVE & BUSTERS#75 WEST,Dining,44.84,
2022-09-09,2022-09-10,7100,CHEVRON 0386062,Gas/Automotive,18.40,
2022-09-09,2022-09-10,7100,AAA MEMBERSHIP,Gas/Automotive,109.99,
2022-09-08,2022-09-10,7100,IZAKAYA GINJI RESTAURA,Dining,300.00,
2022-09-09,2022-09-10,7100,SQ *MIDORI MATCHA,Dining,13.00,
2022-09-08,2022-09-09,7100,CITY OF SM PW PARKING,Gas/Automotive,1.25,
2022-09-08,2022-09-09,7100,SMCCD CSM BOOKSTORE,Merchandise,3.25,
2022-09-07,2022-09-09,7100,60776-SFO PREPAID PARK,Gas/Automotive,42.00,
2022-09-07,2022-09-08,7100,SMCCD CSM BOOKSTORE,Merchandise,4.25,
2022-09-07,2022-09-08,7100,SMCCD CSM BOOKSTORE,Merchandise,4.25,
2022-09-06,2022-09-07,7100,JTI*TWITCHTV SUB SRVCS,Other Services,4.99,
2022-09-06,2022-09-07,7100,SMCCD CSM BOOKSTORE,Merchandise,4.25,
2022-09-05,2022-09-07,7100,TACO BELL 30796,Dining,9.00,
2022-09-05,2022-09-07,7100,SAFEWAY #1138,Merchandise,60.76,
2022-09-04,2022-09-06,7100,YUMMY SZECHUAN,Dining,74.90,
2022-09-04,2022-09-06,7100,TACO BELL 30796,Dining,8.73,
2022-09-04,2022-09-05,7100,CHEVRON 0370118,Gas/Automotive,51.97,
2022-09-03,2022-09-05,7100,MCDONALDS  F6641,Dining,22.84,
2022-09-02,2022-09-03,7100,SQ *GILMAN BREWING COM,Dining,90.00,
2022-09-02,2022-09-02,7100,Spotify USA,Phone/Cable,9.99,
2022-09-01,2022-09-01,7100,SQ *GILMAN BREWING COM,Dining,144.45,
2022-08-31,2022-09-01,7100,SMCCD CSM BOOKSTORE,Merchandise,7.00,
2022-08-30,2022-09-01,7100,IZAKAYA GINJI RESTAURA,Dining,400.00,
2022-08-30,2022-08-31,7100,SMCCD CSM BOOKSTORE,Merchandise,7.00,
2022-08-30,2022-08-31,7100,SMCCD CSM BOOKSTORE,Merchandise,3.50,
2022-08-30,2022-08-30,7100,CAPITAL ONE ONLINE PYMT,Payment/Credit,,3949.82
2022-08-29,2022-08-30,7100,DOORDASH DASHPASS,Dining,9.99,
2022-08-29,2022-08-30,7100,SMCCD CSM BOOKSTORE,Merchandise,3.50,
2022-08-28,2022-08-30,7100,TACO BELL 30796,Dining,13.00,
2022-08-28,2022-08-30,7100,SAFEWAY #1138,Merchandise,86.52,
2022-08-28,2022-08-29,7100,APPLE.COM/BILL,Internet,0.99,
2022-08-28,2022-08-29,7100,APPLE.COM/BILL,Internet,14.99,
2022-08-26,2022-08-27,7100,SMCCD CSM BOOKSTORE,Merchandise,3.50,
2022-08-26,2022-08-27,7100,BETTERHELP  *JACOBS JE,Professional Services,320.00,
2022-08-26,2022-08-27,7100,REDWOOD SKYLINE,Dining,8.76,
2022-08-26,2022-08-27,7100,SQ *GILMAN BREWING COM,Dining,130.00,
2022-08-26,2022-08-27,7100,CHEVRON 0370118,Gas/Automotive,55.47,
2022-08-25,2022-08-26,7100,LA CASA MIA,Dining,110.00,
2022-08-25,2022-08-26,7100,SMCCD CSM BOOKSTORE,Merchandise,3.50,
2022-08-25,2022-08-26,7100,SMCCD CSM BOOKSTORE,Merchandise,2.50,
2022-08-25,2022-08-26,7100,REDWOOD SKYLINE,Dining,8.76,
2022-08-25,2022-08-25,7100,SQ *GILMAN BREWING COM,Dining,150.00,
2022-08-24,2022-08-25,7100,SMCCD CSM BOOKSTORE,Merchandise,3.50,
2022-08-24,2022-08-25,7100,SOUTHWES  5262157511593,Airfare,43.98,
2022-08-23,2022-08-24,7100,NIJIYA MARKET #63,Merchandise,36.76,
2022-08-23,2022-08-24,7100,SMCCD CSM BOOKSTORE,Merchandise,4.50,
2022-08-23,2022-08-24,7100,SMCCD CSM BOOKSTORE,Merchandise,3.50,
2022-08-22,2022-08-23,7100,TARGET        00011221,Merchandise,16.42,
2022-08-22,2022-08-23,7100,SMCCD CSM BOOKSTORE,Merchandise,3.50,
2022-08-22,2022-08-23,7100,SMCCD CSM BOOKSTORE,Merchandise,3.50,
2022-08-19,2022-08-22,7100,RAMEN YAMADAYA SF,Dining,112.97,
2022-08-20,2022-08-22,7100,EMBASSY SUITES AIRPORT,Lodging,299.73,
2022-08-20,2022-08-22,7100,IN N OUT BURGER 257,Dining,20.13,
2022-08-20,2022-08-22,7100,TACO BELL 30754,Dining,17.00,
2022-08-19,2022-08-22,7100,STONESTOWN GALLERIA RE,Dining,15.00,
2022-08-20,2022-08-22,7100,LUNARDI'S MKT #2,Merchandise,4.45,
2022-08-19,2022-08-22,7100,SMCCD CSM BOOKSTORE,Merchandise,2.50,
2022-08-19,2022-08-22,7100,SMCCD CSM BOOKSTORE,Merchandise,2.50,
2022-08-20,2022-08-22,7100,CHEVRON 0370118,Gas/Automotive,59.90,
2022-08-19,2022-08-20,7100,NIJIYA MARKET #62,Merchandise,33.84,
2022-08-19,2022-08-20,7100,IMPERIAL PARKING US,Gas/Automotive,5.00,
2022-08-18,2022-08-19,7100,SMCCD CSM BOOKSTORE,Merchandise,4.29,
2022-08-18,2022-08-19,7100,SMCCD CSM BOOKSTORE,Merchandise,2.50,
2022-08-18,2022-08-19,7100,REDWOOD SKYLINE,Dining,7.06,
2022-08-17,2022-08-19,7100,IN N OUT BURGER 257,Dining,20.13,
2022-08-17,2022-08-19,7100,SAFEWAY #1138,Merchandise,44.42,
2022-08-17,2022-08-18,7100,SMCCD CSM BOOKSTORE,Merchandise,3.50,
2022-08-16,2022-08-17,7100,SMCCD CSM BOOKSTORE,Merchandise,2.50,
2022-08-16,2022-08-17,7100,MAJIKKU RAMEN,Dining,46.00,
2022-08-16,2022-08-17,7100,PEET'S #04502,Dining,4.45,
2022-08-15,2022-08-17,7100,SMCCD CSM BOOKSTORE,Merchandise,2.50,
2022-08-15,2022-08-17,7100,SMCCD CSM BOOKSTORE,Merchandise,2.50,
2022-08-16,2022-08-16,7100,AAA INSURANCE,Insurance,249.75,
2022-08-15,2022-08-16,7100,CHEVRON 0370118,Gas/Automotive,50.56,
2022-08-14,2022-08-16,7100,TACO BELL 30796,Dining,21.09,
2022-08-12,2022-08-15,7100,SMCCD CSM BOOKSTORE,Merchandise,2.50,
2022-08-12,2022-08-13,7100,SQ *GILMAN BREWING COM,Dining,135.00,
2022-08-11,2022-08-13,7100,TACO BELL 30796,Dining,16.00,
2022-08-11,2022-08-13,7100,SMCCD CSM BOOKSTORE,Merchandise,3.50,
2022-08-11,2022-08-13,7100,SMCCD CSM BOOKSTORE,Merchandise,5.50,
2022-08-10,2022-08-12,7100,SMCCD CSM BOOKSTORE,Merchandise,4.50,
2022-08-10,2022-08-12,7100,SMCCD CSM BOOKSTORE,Merchandise,1.50,
2022-08-10,2022-08-11,7100,MCDONALDS  F6641,Dining,12.79,
2022-08-11,2022-08-11,7100,AMZN Mktp US*UA24W9CU3,Merchandise,13.11,
2022-08-09,2022-08-11,7100,SMCCD CSM BOOKSTORE,Merchandise,8.29,
2022-08-09,2022-08-11,7100,SMCCD CSM BOOKSTORE,Merchandise,2.50,
2022-08-09,2022-08-11,7100,IZAKAYA GINJI RESTAURA,Dining,300.00,
2022-08-09,2022-08-10,7100,TARGET        00011221,Merchandise,39.99,
2022-08-09,2022-08-10,7100,ATT* BILL PAYMENT,Phone/Cable,105.54,
2022-08-09,2022-08-10,7100,TST* FIELDWORK BREWING,Dining,68.44,
2022-08-08,2022-08-10,7100,SMCCD CSM BOOKSTORE,Merchandise,2.50,
2022-08-08,2022-08-10,7100,SMCCD CSM BOOKSTORE,Merchandise,2.50,
2022-08-09,2022-08-10,7100,CHEVRON 0370118,Gas/Automotive,47.44,
2022-08-06,2022-08-08,7100,SHELL OIL 57444694608,Gas/Automotive,41.00,
2022-08-06,2022-08-08,7100,SAFEWAY #3008,Merchandise,41.21,
2022-08-06,2022-08-08,7100,JTI*TWITCHTV SUB SRVCS,Other Services,4.99,
2022-08-05,2022-08-06,7100,IZUMI SUSHI,Dining,155.00,
2022-08-05,2022-08-06,7100,CHEVRON 0370118,Gas/Automotive,43.02,
2022-08-04,2022-08-06,7100,SMCCD CSM BOOKSTORE,Merchandise,4.50,
2022-08-04,2022-08-06,7100,SMCCD CSM BOOKSTORE,Merchandise,2.50,
2022-08-04,2022-08-05,7100,SQ *GILMAN BREWING COM,Dining,136.56,
2022-08-03,2022-08-05,7100,TACO BELL 30796,Dining,9.00,
2022-08-03,2022-08-05,7100,SMCCD CSM BOOKSTORE,Merchandise,9.98,
2022-08-02,2022-08-03,7100,NIJIYA MARKET #63,Merchandise,62.52,
2022-08-02,2022-08-03,7100,PEET'S #04502,Dining,3.95,
2022-08-01,2022-08-02,7100,SMCCD CSM BOOKSTORE,Merchandise,2.50,
2022-08-02,2022-08-02,7100,Spotify USA,Phone/Cable,9.99,
2022-07-31,2022-08-02,7100,TACO BELL 30796,Dining,15.28,
2022-07-30,2022-08-01,7100,TACO BELL 30796,Dining,16.00,
2022-07-30,2022-08-01,7100,PEET'S #04502,Dining,6.30,
2022-07-30,2022-08-01,7100,CHEVRON 0370118,Gas/Automotive,43.88,
2022-07-29,2022-07-30,7100,MCDONALDS  F6641,Dining,23.71,
2022-07-29,2022-07-30,7100,BETTERHELP  *JACOBS JE,Professional Services,320.00,
2022-07-29,2022-07-30,7100,DOORDASH DASHPASS,Dining,9.99,
2022-07-28,2022-07-30,7100,SMCCD CSM BOOKSTORE,Merchandise,7.04,
2022-07-28,2022-07-30,7100,SMCCD CSM BOOKSTORE,Merchandise,2.00,
2022-07-27,2022-07-29,7100,PCHRG INC,Dining,200.00,
2022-07-27,2022-07-29,7100,SMCCD CSM BOOKSTORE,Merchandise,2.50,
2022-07-28,2022-07-28,7100,CAPITAL ONE MOBILE PYMT,Payment/Credit,,3107.22
2022-07-28,2022-07-28,7100,APPLE.COM/BILL,Internet,0.99,
2022-07-28,2022-07-28,7100,APPLE.COM/BILL,Internet,14.99,
2022-07-27,2022-07-28,7100,TARGET        00011221,Merchandise,42.40,
2022-07-26,2022-07-28,7100,SMCCD CSM BOOKSTORE,Merchandise,1.50,
2022-07-26,2022-07-28,7100,SMCCD CSM BOOKSTORE,Merchandise,2.50,
2022-07-26,2022-07-27,7100,NIJIYA MARKET #63,Merchandise,129.08,
2022-07-27,2022-07-27,7100,APPLE.COM/US,Merchandise,,249.00
2022-07-27,2022-07-27,7100,APPLE.COM/US,Merchandise,,2004.97
2022-07-25,2022-07-27,7100,SAFEWAY #1138,Merchandise,12.36,
2022-07-25,2022-07-26,7100,SMCCD CSM BOOKSTORE,Merchandise,2.50,
2022-07-25,2022-07-26,7100,SMCCD CSM BOOKSTORE,Merchandise,2.50,
2022-07-25,2022-07-26,7100,APPLE STORE  #R231,Merchandise,143.79,
2022-07-25,2022-07-26,7100,APPLE STORE  #R231,Merchandise,2239.53,
2022-07-25,2022-07-26,7100,APPLE STORE R231,Merchandise,163.34,
2022-07-24,2022-07-25,7100,MCDONALDS  F6641,Dining,23.17,
2022-07-22,2022-07-23,7100,MCDONALDS  F6641,Dining,21.96,
2022-07-21,2022-07-23,7100,SMCCD CSM BOOKSTORE,Merchandise,2.50,
2022-07-21,2022-07-22,7100,REDWOOD SKYLINE,Dining,8.76,
2022-07-20,2022-07-22,7100,IZAKAYA GINJI RESTAURA,Dining,520.00,
2022-07-20,2022-07-22,7100,SMCCD CSM BOOKSTORE,Merchandise,5.00,
2022-07-20,2022-07-22,7100,SMCCD CSM BOOKSTORE,Merchandise,1.50,
2022-07-21,2022-07-22,7100,CHEVRON 0370118,Gas/Automotive,58.38,
2022-07-20,2022-07-21,7100,REDWOOD SKYLINE,Dining,8.76,
2022-07-19,2022-07-20,7100,SMCCD CSM BOOKSTORE,Merchandise,2.50,
2022-07-19,2022-07-20,7100,SMCCD CSM BOOKSTORE,Merchandise,2.50,
2022-07-18,2022-07-20,7100,MISS SAIGON,Dining,144.52,
2022-07-19,2022-07-20,7100,TARGET        00010546,Merchandise,29.00,
2022-07-18,2022-07-20,7100,SMCCD CSM BOOKSTORE,Merchandise,1.50,
2022-07-18,2022-07-20,7100,SMCCD CSM BOOKSTORE,Merchandise,2.50,
2022-07-19,2022-07-19,7100,CAPITAL ONE ONLINE PYMT,Payment/Credit,,912.47
2022-07-18,2022-07-19,7100,REDWOOD SKYLINE,Dining,7.50,
2022-07-17,2022-07-19,7100,SAFEWAY #1138,Merchandise,42.43,
2022-07-18,2022-07-18,7100,CAPITAL ONE MOBILE PYMT,Payment/Credit,,1451.53
2022-07-17,2022-07-18,7100,PEET'S #04502,Dining,6.80,
2022-07-16,2022-07-18,7100,STARBUCKS STORE 08676,Dining,4.95,
2022-07-16,2022-07-18,7100,MIKUNI JAPANESE RESTAU,Dining,270.00,
2022-07-17,2022-07-18,7100,APPLE.COM/US,Merchandise,2030.97,
2022-07-17,2022-07-18,7100,APPLE.COM/US,Merchandise,249.00,
2022-07-16,2022-07-18,7100,CHEVRON 0203186,Gas/Automotive,30.99,
2022-07-16,2022-07-18,7100,TST* Oz Korean BBQ - S,Dining,105.37,
2022-07-14,2022-07-16,7100,IZAKAYA GINJI RESTAURA,Dining,500.00,
2022-07-16,2022-07-16,7100,AAA INSURANCE,Insurance,249.75,
2022-07-15,2022-07-16,7100,PEET'S #04502,Dining,5.80,
2022-07-15,2022-07-16,7100,CHEVRON 0370118,Gas/Automotive,42.34,
2022-07-14,2022-07-16,7100,SMCCD CSM BOOKSTORE,Merchandise,7.00,
2022-07-14,2022-07-15,7100,PEET'S #04502,Dining,3.95,
2022-07-14,2022-07-15,7100,REDWOOD SKYLINE,Dining,6.50,
2022-07-14,2022-07-15,7100,REDWOOD SKYLINE,Dining,14.19,
2022-07-13,2022-07-15,7100,PCHRG INC,Dining,245.00,
2022-07-13,2022-07-15,7100,SMCCD CSM BOOKSTORE,Merchandise,4.00,
2022-07-13,2022-07-15,7100,SMCCD CSM BOOKSTORE,Merchandise,2.50,
2022-07-13,2022-07-14,7100,PEET'S #04502,Dining,3.95,
2022-07-12,2022-07-14,7100,SMCCD CSM BOOKSTORE,Merchandise,2.50,
2022-07-11,2022-07-12,7100,SMCCD CSM BOOKSTORE,Merchandise,1.50,
2022-07-10,2022-07-12,7100,SAFEWAY #1138,Merchandise,81.74,
2022-07-10,2022-07-11,7100,CAPITAL ONE AUTOPAY PYMT,Payment/Credit,,757.07
2022-07-10,2022-07-11,7100,CHEVRON 0370118,Gas/Automotive,43.71,
2022-07-09,2022-07-11,7100,MCDONALDS  F6641,Dining,17.92,
2022-07-09,2022-07-11,7100,ATT* BILL PAYMENT,Phone/Cable,105.54,
2022-07-08,2022-07-11,7100,TACO BELL 30796,Dining,18.00,
2022-07-07,2022-07-09,7100,SMCCD CSM BOOKSTORE,Merchandise,2.50,
2022-07-07,2022-07-09,7100,SAFEWAY #2843,Merchandise,12.99,
2022-07-08,2022-07-08,7100,SAFEWAY.COM #2843,Merchandise,26.19,
2022-07-06,2022-07-08,7100,SMCCD CSM BOOKSTORE,Merchandise,2.50,
2022-07-06,2022-07-08,7100,SMCCD CSM BOOKSTORE,Merchandise,2.50,
2022-07-06,2022-07-07,7100,GRAND HOT POT,Dining,140.00,
2022-07-06,2022-07-07,7100,JTI*TWITCHTV SUB SRVCS,Other Services,4.99,
2022-07-05,2022-07-07,7100,SMCCD CSM BOOKSTORE,Merchandise,1.50,
2022-07-05,2022-07-07,7100,SMCCD CSM BOOKSTORE,Merchandise,2.50,
2022-07-05,2022-07-06,7100,NIJIYA MARKET #63,Merchandise,70.64,
2022-07-05,2022-07-06,7100,REDWOOD SKYLINE,Dining,13.20,
2022-07-04,2022-07-06,7100,IN N OUT BURGER 113,Dining,13.13,
2022-07-04,2022-07-06,7100,TACO BELL 018568,Dining,12.19,
2022-07-05,2022-07-05,7100,CHEVRON 0212047,Gas/Automotive,57.12,
2022-07-04,2022-07-05,7100,CHEVRON 0203452,Gas/Automotive,17.01,
2022-07-02,2022-07-04,7100,SAFEWAY #0954,Merchandise,3.55,
2022-07-02,2022-07-02,7100,Spotify USA,Phone/Cable,9.99,
2022-07-01,2022-07-02,7100,BETTERHELP  *JACOBS JE,Professional Services,320.00,
2022-06-30,2022-07-02,7100,TACO BELL 018568,Dining,13.26,
2022-06-30,2022-07-02,7100,SMCCD CSM BOOKSTORE,Merchandise,2.50,
2022-06-30,2022-07-02,7100,SMCCD CSM BOOKSTORE,Merchandise,2.50,
2022-07-01,2022-07-01,7100,CHEVRON 0210751,Gas/Automotive,52.32,
2022-06-30,2022-07-01,7100,CHEVRON 0204974,Gas/Automotive,57.14,
2022-06-29,2022-07-01,7100,SMCCD CSM BOOKSTORE,Merchandise,2.50,
2022-06-29,2022-07-01,7100,SMCCD CSM BOOKSTORE,Merchandise,2.50,
2022-06-29,2022-06-30,7100,DOORDASH DASHPASS,Dining,9.99,
2022-06-28,2022-06-30,7100,SMCCD CSM BOOKSTORE,Merchandise,2.50,
2022-06-28,2022-06-30,7100,SMCCD CSM BOOKSTORE,Merchandise,2.50,
2022-06-29,2022-06-29,7100,CAPITAL ONE ONLINE PYMT,Payment/Credit,,2846.60
2022-06-28,2022-06-29,7100,REDWOOD SKYLINE,Dining,5.75,
2022-06-28,2022-06-29,7100,NIJIYA MARKET #63,Merchandise,92.93,
2022-06-27,2022-06-29,7100,IN N OUT BURGER 257,Dining,20.13,
2022-06-28,2022-06-29,7100,APPLE.COM/BILL,Merchandise,14.99,
2022-06-28,2022-06-28,7100,APPLE.COM/BILL,Internet,0.99,
2022-06-26,2022-06-28,7100,KONA BREWING HAWAII -,Dining,210.00,
2022-06-26,2022-06-28,7100,DUKES LANE MARKET #97,Merchandise,2.40,
2022-06-25,2022-06-27,7100,WAL-MART #3478,Merchandise,40.73,
2022-06-25,2022-06-27,7100,KUKUI SAUSAGE COMPANY,Merchandise,12.00,
2022-06-25,2022-06-27,7100,TST* Island Vintage Sh,Dining,47.07,
2022-06-24,2022-06-25,7100,UBER   TRIP,Other Travel,30.65,
2022-06-23,2022-06-25,7100,60776-SFO PREPAID PARK,Gas/Automotive,90.00,
2022-06-23,2022-06-25,7100,SMCCD CSM BOOKSTORE,Merchandise,2.50,
2022-06-23,2022-06-25,7100,SMCCD CSM BOOKSTORE,Merchandise,2.50,
2022-06-23,2022-06-24,7100,MCDONALDS  F6641,Dining,16.60,
2022-06-23,2022-06-24,7100,TARGET        00011221,Merchandise,16.87,
2022-06-23,2022-06-24,7100,REDWOOD SKYLINE,Dining,7.50,
2022-06-22,2022-06-24,7100,SMCCD CSM BOOKSTORE,Merchandise,2.50,
2022-06-22,2022-06-23,7100,ATT* BILL PAYMENT,Phone/Cable,105.00,
2022-06-21,2022-06-23,7100,WANG DAE BAK,Dining,140.00,
2022-06-21,2022-06-22,7100,SMCCD CSM BOOKSTORE,Merchandise,1.50,
2022-06-21,2022-06-22,7100,CHEVRON 0090838,Gas/Automotive,58.24,
2022-06-20,2022-06-22,7100,SMCCD CSM BOOKSTORE,Merchandise,13.06,
2022-06-20,2022-06-22,7100,SMCCD CSM BOOKSTORE,Merchandise,2.50,
2022-06-20,2022-06-22,7100,SMCCD CSM BOOKSTORE,Merchandise,2.50,
2022-06-20,2022-06-21,7100,SEAPOT,Dining,320.05,
2022-06-17,2022-06-20,7100,ODUMAK,Dining,156.18,
2022-06-19,2022-06-20,7100,CHEVRON 0203186,Gas/Automotive,25.42,
2022-06-18,2022-06-20,7100,VEGAN DEADLY SINSE TEA,Dining,16.68,
2022-06-17,2022-06-18,7100,MCDONALDS  F6641,Dining,17.48,
2022-06-17,2022-06-18,7100,"FSP*303 -OIL CHANGER,",Gas/Automotive,60.78,
2022-06-17,2022-06-18,7100,CHEVRON 0204974,Gas/Automotive,46.80,
2022-06-16,2022-06-18,7100,PCHRG INC,Dining,195.00,
2022-06-16,2022-06-18,7100,SMCCD CSM BOOKSTORE,Merchandise,2.50,
2022-06-16,2022-06-18,7100,SMCCD CSM BOOKSTORE,Merchandise,2.50,
2022-06-15,2022-06-17,7100,SMCCD CSM BOOKSTORE,Merchandise,7.48,
2022-06-15,2022-06-17,7100,SMCCD CSM BOOKSTORE,Merchandise,2.50,
2022-06-15,2022-06-16,7100,MAJIKKU RAMEN,Dining,35.00,
2022-06-16,2022-06-16,7100,AAA INSURANCE,Insurance,249.75,
2022-06-14,2022-06-16,7100,SMCCD CSM BOOKSTORE,Merchandise,2.50,
2022-06-14,2022-06-16,7100,SMCCD CSM BOOKSTORE,Merchandise,2.50,
2022-06-14,2022-06-15,7100,PEET'S #04502,Dining,3.95,
2022-06-13,2022-06-15,7100,SMCCD CSM BOOKSTORE,Merchandise,2.50,
2022-06-13,2022-06-14,7100,PEET'S #04502,Dining,3.95,
2022-06-12,2022-06-14,7100,SAFEWAY #1138,Merchandise,80.85,
2022-06-13,2022-06-14,7100,CHEVRON 0370118,Gas/Automotive,61.26,
2022-06-12,2022-06-13,7100,PEET'S #04502,Dining,5.80,
2022-06-11,2022-06-13,7100,TACO BELL 30796,Dining,18.00,
2022-06-10,2022-06-11,7100,MCDONALDS  F6641,Dining,21.85,
2022-06-09,2022-06-11,7100,SMCCD CSM BOOKSTORE,Merchandise,2.50,
2022-06-10,2022-06-10,7100,CAPITAL ONE AUTOPAY PYMT,Payment/Credit,,522.51
2022-06-09,2022-06-10,7100,TST* Half Moon Bay Bre,Dining,265.00,
2022-06-09,2022-06-10,7100,SLICE*SENIORESPIZZA,Dining,62.46,
2022-06-08,2022-06-10,7100,SMCCD CSM BOOKSTORE,Merchandise,2.50,
2022-06-08,2022-06-09,7100,IZUMI SUSHI,Dining,220.00,
2022-06-08,2022-06-09,7100,PEET'S #04502,Dining,3.95,
2022-06-07,2022-06-09,7100,SMCCD CSM BOOKSTORE,Merchandise,2.50,
2022-06-06,2022-06-08,7100,IN N OUT BURGER 257,Dining,20.34,
2022-06-07,2022-06-07,7100,CAPITAL ONE ONLINE PYMT,Payment/Credit,,774.92
2022-06-06,2022-06-07,7100,SMCCD CSM BOOKSTORE,Merchandise,2.50,
2022-06-06,2022-06-07,7100,TARGET        00011221,Merchandise,8.21,
2022-06-06,2022-06-07,7100,JTI*TWITCHTV SUB SRVCS,Other Services,4.99,
2022-06-04,2022-06-06,7100,TACO BELL 30796,Dining,13.11,
2022-06-03,2022-06-06,7100,LA COSTANERA,Dining,310.00,
2022-06-04,2022-06-06,7100,DD DOORDASH PHOLITTLE,Dining,32.98,
2022-06-03,2022-06-04,7100,PEET'S #04502,Dining,3.45,
2022-06-03,2022-06-04,7100,CHEVRON 0097927,Gas/Automotive,25.21,
2022-06-03,2022-06-04,7100,BETTERHELP  JACOBS JE,Professional Services,320.00,
2022-06-02,2022-06-04,7100,RUSTIC HOUSE OYSTER BA,Dining,169.66,
2022-06-02,2022-06-04,7100,SMCCD CSM BOOKSTORE,Merchandise,2.00,
2022-06-03,2022-06-04,7100,CHEVRON 0204974,Gas/Automotive,33.14,
2022-06-02,2022-06-03,7100,PEET'S #04502,Dining,3.95,
2022-06-01,2022-06-02,7100,SMCCD CSM BOOKSTORE,Merchandise,2.50,
2022-06-01,2022-06-02,7100,MAJIKKU RAMEN,Dining,200.00,
2022-06-02,2022-06-02,7100,Spotify USA,Phone/Cable,9.99,
2022-06-01,2022-06-02,7100,PEET'S #04502,Dining,4.45,
2022-05-31,2022-06-02,7100,SAFEWAY #1138,Merchandise,66.27,
2022-05-31,2022-06-01,7100,SMCCD CSM BOOKSTORE,Merchandise,2.50,
2022-05-31,2022-06-01,7100,PEET'S #04502,Dining,3.95,
2022-05-31,2022-06-01,7100,CHEVRON 0370118,Gas/Automotive,58.23,
2022-05-31,2022-05-31,7100,DD DOORDASH CHIPOTLE,Dining,31.82,
2022-05-31,2022-05-31,7100,CAPITAL ONE ONLINE PYMT,Payment/Credit,,1507.19
2022-05-29,2022-05-31,7100,IN N OUT BURGER 257,Dining,20.34,
2022-05-29,2022-05-30,7100,DOORDASH DASHPASS,Dining,9.99,
2022-05-27,2022-05-30,7100,IN N OUT BURGER 257,Dining,20.34,
2022-05-28,2022-05-28,7100,APPLE.COM/BILL,Internet,0.99,
2022-05-28,2022-05-28,7100,APPLE.COM/BILL,Internet,14.99,
2022-05-27,2022-05-28,7100,PEET'S #04502,Dining,3.95,
2022-05-26,2022-05-28,7100,SMCCD CSM BOOKSTORE,Merchandise,2.00,
2022-05-26,2022-05-28,7100,SMCCD CSM BOOKSTORE,Merchandise,2.50,
2022-05-26,2022-05-28,7100,SMCCD CSM BOOKSTORE,Merchandise,2.50,
2022-05-26,2022-05-27,7100,IZUMI SUSHI,Dining,200.00,
2022-05-26,2022-05-27,7100,REDWOOD SKYLINE,Dining,8.76,
2022-05-25,2022-05-27,7100,SMCCD CSM BOOKSTORE,Merchandise,4.50,
2022-05-25,2022-05-27,7100,SMCCD CSM BOOKSTORE,Merchandise,2.50,
2022-05-25,2022-05-27,7100,LA COSTANERA,Dining,180.00,
2022-05-25,2022-05-26,7100,REDWOOD SKYLINE,Dining,17.57,
2022-05-24,2022-05-26,7100,SMCCD CSM BOOKSTORE,Merchandise,2.50,
2022-05-24,2022-05-25,7100,MAJIKKU RAMEN,Dining,35.00,
2022-05-23,2022-05-24,7100,SMCCD CSM BOOKSTORE,Merchandise,2.50,
2022-05-23,2022-05-23,7100,DOORDASH*PHO LITTLE SA,Dining,39.98,
2022-05-22,2022-05-23,7100,DOORDASH*TACO BELL,Dining,16.73,
2022-05-20,2022-05-23,7100,SMCCD CSM BOOKSTORE,Merchandise,1.46,
2022-05-21,2022-05-23,7100,CHEVRON 0370118,Gas/Automotive,64.20,
2022-05-20,2022-05-21,7100,CANTEEN SAN JOSE VEND,Dining,1.85,
2022-05-19,2022-05-21,7100,SMCCD CSM BOOKSTORE,Merchandise,4.55,
2022-05-19,2022-05-21,7100,SMCCD CSM BOOKSTORE,Merchandise,0.46,
2022-05-19,2022-05-21,7100,SMCCD CSM BOOKSTORE,Merchandise,1.46,
2022-05-19,2022-05-21,7100,SAFEWAY #1138,Merchandise,28.91,
2022-05-19,2022-05-20,7100,TARGET        00011221,Merchandise,31.54,
2022-05-18,2022-05-19,7100,SMCCD CSM BOOKSTORE,Merchandise,1.50,
2022-05-18,2022-05-19,7100,SMCCD CSM BOOKSTORE,Merchandise,2.50,
2022-05-17,2022-05-19,7100,SMCCD CSM BOOKSTORE,Merchandise,2.79,
2022-05-17,2022-05-19,7100,SMCCD CSM BOOKSTORE,Merchandise,1.50,
2022-05-16,2022-05-17,7100,SMCCD CSM BOOKSTORE,Merchandise,2.50,
2022-05-16,2022-05-17,7100,SMCCD CSM BOOKSTORE,Merchandise,2.50,
2022-05-16,2022-05-17,7100,TST* Half Moon Bay Bre,Dining,215.00,
2022-05-16,2022-05-16,7100,CAPITAL ONE MOBILE PYMT,Payment/Credit,,430.00
2022-05-16,2022-05-16,7100,AAA INSURANCE,Insurance,249.75,
2022-05-15,2022-05-16,7100,CHEVRON 0203186,Gas/Automotive,36.78,
2022-05-13,2022-05-16,7100,SMCCD CSM BOOKSTORE,Merchandise,2.50,
2022-05-13,2022-05-14,7100,MCDONALDS  F6641,Dining,10.71,
2022-05-13,2022-05-14,7100,PEET'S #04502,Dining,3.95,
2022-05-13,2022-05-14,7100,CHEVRON 0370118,Gas/Automotive,51.75,
2022-05-12,2022-05-14,7100,SMCCD CSM BOOKSTORE,Merchandise,2.50,
2022-05-12,2022-05-13,7100,MAJIKKU RAMEN,Dining,36.00,
2022-05-12,2022-05-13,7100,PEET'S #04502,Dining,3.95,
2022-05-11,2022-05-13,7100,SMCCD CSM BOOKSTORE,Merchandise,2.79,
2022-05-11,2022-05-13,7100,SMCCD CSM BOOKSTORE,Merchandise,2.50,
2022-05-11,2022-05-13,7100,SMCCD CSM BOOKSTORE,Merchandise,4.00,
2022-05-12,2022-05-12,7100,GRAND HOT POT,Dining,179.45,
2022-05-10,2022-05-12,7100,TACO BELL 30796,Dining,8.07,
2022-05-10,2022-05-11,7100,SMCCD CSM BOOKSTORE,Merchandise,2.00,
2022-05-10,2022-05-11,7100,SMCCD CSM BOOKSTORE,Merchandise,2.50,
2022-05-10,2022-05-11,7100,ATT* BILL PAYMENT,Phone/Cable,94.84,
2022-05-10,2022-05-11,7100,Amazon Prime*1L58H9601,Other Services,149.77,
2022-05-10,2022-05-10,7100,CAPITAL ONE AUTOPAY PYMT,Payment/Credit,,671.11
2022-05-09,2022-05-10,7100,SMCCD CSM BOOKSTORE,Merchandise,2.50,
2022-05-09,2022-05-10,7100,SMCCD CSM BOOKSTORE,Merchandise,2.50,
2022-05-09,2022-05-10,7100,TARGET        00011221,Merchandise,15.56,
2022-05-08,2022-05-10,7100,SAFEWAY #1138,Merchandise,63.02,
2022-05-08,2022-05-09,7100,PEET'S #04502,Dining,5.10,
2022-05-07,2022-05-09,7100,IN N OUT BURGER 257,Dining,20.02,
2022-05-06,2022-05-09,7100,SMCCD CSM BOOKSTORE,Merchandise,2.50,
2022-05-06,2022-05-07,7100,JTI*TWITCHTV SUB SRVCS,Other Services,4.99,
2022-05-06,2022-05-07,7100,PEET'S #04502,Dining,3.95,
2022-05-06,2022-05-07,7100,CHEVRON 0204974,Gas/Automotive,52.13,
2022-05-06,2022-05-07,7100,BETTERHELP  *JACOBS JE,Professional Services,320.00,
2022-05-05,2022-05-07,7100,TACO BELL 30796,Dining,12.64,
2022-05-05,2022-05-07,7100,SMCCD CSM BOOKSTORE,Merchandise,2.50,
2022-05-05,2022-05-06,7100,REDWOOD SKYLINE,Dining,13.01,
2022-05-04,2022-05-06,7100,PCHRG INC,Dining,160.00,
2022-05-04,2022-05-06,7100,SMCCD CSM BOOKSTORE,Merchandise,2.50,
2022-05-03,2022-05-05,7100,SMCCD CSM BOOKSTORE,Merchandise,2.50,
2022-05-03,2022-05-05,7100,SMCCD CSM BOOKSTORE,Merchandise,2.50,
2022-05-04,2022-05-04,7100,CAPITAL ONE MOBILE PYMT,Payment/Credit,,1149.81
2022-05-02,2022-05-04,7100,SMCCD CSM BOOKSTORE,Merchandise,3.28,
2022-05-02,2022-05-04,7100,SMCCD CSM BOOKSTORE,Merchandise,1.50,
2022-05-02,2022-05-04,7100,SMCCD CSM BOOKSTORE,Merchandise,2.50,
2022-05-02,2022-05-04,7100,SAFEWAY #1138,Merchandise,37.55,
2022-05-02,2022-05-03,7100,DD DOORDASH YAMASUSHI,Dining,49.56,
2022-05-01,2022-05-02,7100,MCDONALDS  F6641,Dining,21.42,
2022-05-02,2022-05-02,7100,Spotify USA,Phone/Cable,9.99,
2022-04-30,2022-05-02,7100,TACO BELL 30796,Dining,17.92,
2022-04-29,2022-05-02,7100,SMCCD CSM BOOKSTORE,Merchandise,1.50,
2022-04-29,2022-04-30,7100,DOORDASH DASHPASS,Dining,9.99,
2022-04-29,2022-04-30,7100,PEET'S #04502,Dining,3.95,
2022-04-28,2022-04-30,7100,SMCCD CSM BOOKSTORE,Merchandise,2.50,
2022-04-28,2022-04-30,7100,SMCCD CSM BOOKSTORE,Merchandise,2.50,
2022-04-28,2022-04-30,7100,IN N OUT BURGER 257,Dining,19.80,
2022-04-28,2022-04-29,7100,REDWOOD SKYLINE,Dining,8.76,
2022-04-28,2022-04-29,7100,CHEVRON 0204974,Gas/Automotive,50.91,
2022-04-27,2022-04-29,7100,SMCCD CSM BOOKSTORE,Merchandise,2.50,
2022-04-28,2022-04-28,7100,APPLE.COM/BILL,Internet,0.99,
2022-04-27,2022-04-28,7100,IZUMI SUSHI,Dining,200.00,
2022-04-27,2022-04-28,7100,REDWOOD SKYLINE,Dining,8.76,
2022-04-26,2022-04-27,7100,SMCCD CSM BOOKSTORE,Merchandise,1.50,
2022-04-26,2022-04-27,7100,SMCCD CSM BOOKSTORE,Merchandise,2.50,
2022-04-26,2022-04-27,7100,MAJIKKU RAMEN,Dining,35.00,
2022-04-25,2022-04-26,7100,SMCCD CSM BOOKSTORE,Merchandise,1.50,
2022-04-25,2022-04-26,7100,SMCCD CSM BOOKSTORE,Merchandise,1.50,
2022-04-25,2022-04-26,7100,TST* LUPULO CRAFT BEER,Dining,40.00,
2022-04-24,2022-04-25,7100,DT PAY BY SPACE,Gas/Automotive,3.75,
2022-04-25,2022-04-25,7100,APPLE.COM/BILL,Internet,14.99,
2022-04-24,2022-04-25,7100,TST* Penny Ice Creamer,Dining,8.25,
2022-04-24,2022-04-25,7100,CHEVRON 0370118,Gas/Automotive,55.75,
2022-04-23,2022-04-25,7100,IN N OUT BURGER 257,Dining,19.80,
2022-04-23,2022-04-25,7100,TACO BELL 30796,Dining,17.92,
2022-04-22,2022-04-25,7100,SMCCD CSM BOOKSTORE,Merchandise,2.00,
2022-04-22,2022-04-23,7100,CANTEEN VENDING,Dining,1.85,
2022-04-22,2022-04-23,7100,PEET'S #04502,Dining,3.95,
2022-04-21,2022-04-23,7100,IN N OUT BURGER 257,Dining,19.80,
2022-04-21,2022-04-22,7100,PEET'S #04502,Dining,3.95,
2022-04-20,2022-04-22,7100,PCHRG INC,Dining,160.00,
2022-04-20,2022-04-22,7100,SMCCD CSM BOOKSTORE,Merchandise,2.49,
2022-04-20,2022-04-22,7100,SMCCD CSM BOOKSTORE,Merchandise,2.50,
2022-04-20,2022-04-22,7100,SAFEWAY #1138,Merchandise,22.54,
2022-04-20,2022-04-21,7100,PEET'S #04502,Dining,3.95,
2022-04-19,2022-04-21,7100,SAFEWAY #1138,Merchandise,59.88,
2022-04-19,2022-04-20,7100,SMCCD CSM BOOKSTORE,Merchandise,6.49,
2022-04-19,2022-04-20,7100,SMCCD CSM BOOKSTORE,Merchandise,1.50,
2022-04-18,2022-04-19,7100,SHABUWAY,Dining,45.00,
2022-04-18,2022-04-19,7100,SMCCD CSM BOOKSTORE,Merchandise,1.50,
2022-04-18,2022-04-19,7100,SMCCD CSM BOOKSTORE,Merchandise,2.50,
2022-04-17,2022-04-18,7100,MCDONALDS  F6641,Dining,20.87,
2022-04-17,2022-04-18,7100,CAPITAL ONE MOBILE PYMT,Payment/Credit,,1049.09
2022-04-15,2022-04-18,7100,PCHRG INC,Dining,250.00,
2022-04-17,2022-04-18,7100,DD DOORDASH TACOBELL,Dining,17.22,
2022-04-15,2022-04-18,7100,SMCCD CSM BOOKSTORE,Merchandise,2.50,
2022-04-16,2022-04-18,7100,CHEVRON 0371658,Gas/Automotive,50.74,
2022-04-16,2022-04-16,7100,AAA INSURANCE,Insurance,249.75,
2022-04-15,2022-04-16,7100,PEET'S #04502,Dining,3.95,
2022-04-14,2022-04-16,7100,SMCCD CSM BOOKSTORE,Merchandise,2.75,
2022-04-14,2022-04-16,7100,SMCCD CSM BOOKSTORE,Merchandise,2.50,
2022-04-14,2022-04-16,7100,IN N OUT BURGER 257,Dining,12.80,
2022-04-13,2022-04-14,7100,SMCCD CSM BOOKSTORE,Merchandise,1.50,
2022-04-13,2022-04-14,7100,SMCCD CSM BOOKSTORE,Merchandise,1.50,
2022-04-14,2022-04-14,7100,TST* Penny Ice Creamer,Dining,6.32,
2022-04-12,2022-04-13,7100,SMCCD CSM BOOKSTORE,Merchandise,2.50,
2022-04-12,2022-04-13,7100,SMCCD CSM BOOKSTORE,Merchandise,2.50,
2022-04-11,2022-04-13,7100,SAFEWAY #1138,Merchandise,25.73,
2022-04-11,2022-04-12,7100,SMCCD CSM BOOKSTORE,Merchandise,1.50,
2022-04-11,2022-04-12,7100,SMCCD CSM BOOKSTORE,Merchandise,2.50,
2022-04-11,2022-04-12,7100,CHEVRON 0092712,Gas/Automotive,54.30,
2022-04-10,2022-04-11,7100,CAPITAL ONE AUTOPAY PYMT,Payment/Credit,,269.09
2022-04-10,2022-04-11,7100,ATT* BILL PAYMENT,Phone/Cable,94.84,
2022-04-10,2022-04-11,7100,DD DOORDASH PANDAEXPR,Dining,41.14,
2022-04-08,2022-04-11,7100,SMCCD CSM BOOKSTORE,Merchandise,2.50,
2022-04-09,2022-04-11,7100,IN N OUT BURGER 257,Dining,19.58,
2022-04-08,2022-04-09,7100,MAJIKKU RAMEN,Dining,37.00,
2022-04-08,2022-04-09,7100,REDWOOD SKYLINE,Dining,14.76,
2022-04-08,2022-04-09,7100,BETTERHELP  *JACOBS JE,Professional Services,320.00,
2022-04-07,2022-04-08,7100,SMCCD CSM BOOKSTORE,Merchandise,2.49,
2022-04-07,2022-04-08,7100,SMCCD CSM BOOKSTORE,Merchandise,2.50,
2022-04-07,2022-04-08,7100,SMCCD CSM BOOKSTORE,Merchandise,1.50,
2022-04-06,2022-04-08,7100,IN N OUT BURGER 257,Dining,19.80,
2022-04-06,2022-04-07,7100,SMCCD CSM BOOKSTORE,Merchandise,1.00,
2022-04-06,2022-04-07,7100,JTI*TWITCHTV SUB SRVCS,Other Services,4.99,
2022-04-06,2022-04-07,7100,REDWOOD SKYLINE,Dining,8.76,
2022-04-05,2022-04-07,7100,SAFEWAY #1138,Merchandise,41.20,
2022-04-05,2022-04-07,7100,SAFEWAY #1138,Merchandise,14.23,
2022-04-05,2022-04-06,7100,SMCCD CSM BOOKSTORE,Merchandise,2.00,
2022-04-05,2022-04-06,7100,SMCCD CSM BOOKSTORE,Merchandise,2.00,
2022-04-04,2022-04-06,7100,60774 - SFO PARKING IT,Gas/Automotive,4.00,
2022-04-04,2022-04-05,7100,SMCCD CSM BOOKSTORE,Merchandise,2.50,
2022-04-04,2022-04-05,7100,NIJIYA MARKET #63,Merchandise,48.29,
2022-04-04,2022-04-05,7100,SANTA RAMEN EL CAMINO,Dining,35.00,
2022-04-04,2022-04-05,7100,CHEVRON 0370118,Gas/Automotive,78.75,
2022-04-04,2022-04-05,7100,DD DOORDASH WINGSTOP,Dining,17.05,
2022-04-02,2022-04-02,7100,CAPITAL ONE MOBILE PYMT,Payment/Credit,,1866.71
2022-04-02,2022-04-02,7100,Spotify USA,Phone/Cable,9.99,
2022-04-01,2022-04-02,7100,PEET'S #04502,Dining,6.30,
2022-03-31,2022-04-02,7100,TACO BELL 30796,Dining,20.54,
2022-03-29,2022-03-31,7100,DOORDASH*PANDA EXPRESS,Dining,,5.00
2022-03-29,2022-03-31,7100,DOORDASH*MCDONALDS,Dining,,5.00
2022-03-29,2022-03-31,7100,DOORDASH*MCDONALDS,Dining,,5.00
2022-03-29,2022-03-31,7100,DOORDASH*MCDONALDS,Dining,,5.00
2022-03-29,2022-03-31,7100,DOORDASH*CARLS JR.,Dining,,5.00
2022-03-30,2022-03-31,7100,DD DOORDASH MCDONALDS,Dining,,5.00
2022-03-29,2022-03-30,7100,DOORDASH*WINGSTOP,Dining,,5.00
2022-03-29,2022-03-30,7100,DOORDASH*PANDA EXPRESS,Dining,,5.00
2022-03-29,2022-03-30,7100,DOORDASH*PANDA EXPRESS,Dining,,5.00
2022-03-29,2022-03-30,7100,DOORDASH*L&L HAWAIIAN,Dining,,5.00
2022-03-30,2022-03-30,7100,DD DOORDASH MCDONALDS,Dining,,5.00
2022-03-29,2022-03-30,7100,SHENG KEE BAKERY,Dining,11.85,
2022-03-29,2022-03-30,7100,MAJIKKU RAMEN,Dining,100.00,
2022-03-29,2022-03-30,7100,DD DOORDASH TACOBELL,Dining,,5.00
2022-03-29,2022-03-30,7100,DD DOORDASH MCDONALDS,Dining,,5.00
2022-03-28,2022-03-29,7100,PHO HUYNH HIEP 4,Dining,14.09,
2022-03-28,2022-03-29,7100,MCDONALDS  F6641,Dining,10.60,
2022-03-28,2022-03-29,7100,1053PEPSIVEN9147678600,Dining,1.75,
2022-03-28,2022-03-29,7100,CANTEEN VENDING,Dining,1.85,
2022-03-27,2022-03-29,7100,TACO BELL 30796,Dining,10.93,
2022-03-27,2022-03-29,7100,SAFEWAY #1138,Merchandise,79.01,
2022-03-28,2022-03-28,7100,CAPITAL ONE ONLINE PYMT,Payment/Credit,,531.11
2022-03-28,2022-03-28,7100,APPLE.COM/BILL,Internet,0.99,
2022-03-26,2022-03-28,7100,IN N OUT BURGER 257,Dining,20.45,
2022-03-25,2022-03-28,7100,SMCCD CSM BOOKSTORE,Merchandise,2.50,
2022-03-25,2022-03-26,7100,TST* HALF MOON BAY BRE,Dining,190.00,
2022-03-25,2022-03-26,7100,PEET'S #04502,Dining,3.95,
2022-03-24,2022-03-25,7100,CHIPOTLE 1102,Dining,21.81,
2022-03-24,2022-03-25,7100,SMCCD CSM BOOKSTORE,Merchandise,1.50,
2022-03-24,2022-03-25,7100,SMCCD CSM BOOKSTORE,Merchandise,3.50,
2022-03-24,2022-03-25,7100,TANIS KITCHEN,Dining,43.00,
2022-03-24,2022-03-25,7100,TANIS KITCHEN,Dining,50.00,
2022-03-25,2022-03-25,7100,APPLE.COM/BILL,Internet,14.99,
2022-03-25,2022-03-25,7100,APPLE.COM/BILL,Internet,19.99,
2022-03-24,2022-03-25,7100,REDWOOD SKYLINE,Dining,8.76,
2022-03-24,2022-03-25,7100,ATT* BILL PAYMENT,Phone/Cable,94.92,
2022-03-23,2022-03-25,7100,PCHRG INC,Dining,300.00,
2022-03-23,2022-03-24,7100,SMCCD CSM BOOKSTORE,Merchandise,5.49,
2022-03-23,2022-03-24,7100,SMCCD CSM BOOKSTORE,Merchandise,1.50,
2022-03-23,2022-03-23,7100,TST* HALF MOON BAY BRE,Dining,180.00,
2022-03-22,2022-03-23,7100,SMCCD CSM BOOKSTORE,Merchandise,7.35,
2022-03-22,2022-03-23,7100,SMCCD CSM BOOKSTORE,Merchandise,1.50,
2022-03-22,2022-03-23,7100,DOORDASH*MCDONALDS,Dining,,5.00
2022-03-22,2022-03-23,7100,DOORDASH*BONCHON,Dining,,5.00
2022-03-21,2022-03-23,7100,TOP POT,Dining,175.00,
2022-03-22,2022-03-23,7100,DD DOORDASH TACOBELL,Dining,,5.00
2022-03-22,2022-03-23,7100,DD DOORDASH PHOLITTLE,Dining,,5.00
2022-03-21,2022-03-22,7100,SMCCD CSM BOOKSTORE,Merchandise,2.50,
2022-03-21,2022-03-22,7100,TARGET        00011221,Merchandise,29.58,
2022-03-21,2022-03-22,7100,Amazon.com*1N70K0U11,Merchandise,71.09,
2022-03-19,2022-03-21,7100,TST* Steins Beer Garde,Dining,152.20,
2022-03-19,2022-03-21,7100,MCDONALDS  F6641,Dining,21.42,
2022-03-18,2022-03-21,7100,SMCCD CSM BOOKSTORE,Merchandise,2.50,
2022-03-19,2022-03-21,7100,TOP POT,Dining,155.00,
2022-03-18,2022-03-19,7100,CENTURY THEATRES 444,Dining,8.50,
2022-03-18,2022-03-19,7100,FANDANGO    *,Entertainment,14.54,
2022-03-18,2022-03-19,7100,REDWOOD SKYLINE,Dining,8.76,
2022-03-18,2022-03-19,7100,PEET'S #04502,Dining,3.95,
2022-03-17,2022-03-19,7100,PCHRG INC,Dining,220.00,
2022-03-18,2022-03-19,7100,CHEVRON 0370118,Gas/Automotive,58.03,
2022-03-17,2022-03-18,7100,PEET'S #04502,Dining,3.95,
2022-03-16,2022-03-18,7100,TACO BELL 30796,Dining,6.00,
2022-03-16,2022-03-18,7100,SMCCD CSM BOOKSTORE,Merchandise,4.98,
2022-03-16,2022-03-18,7100,SMCCD CSM BOOKSTORE,Merchandise,2.50,
2022-03-16,2022-03-18,7100,SMCCD CSM BOOKSTORE,Merchandise,2.50,
2022-03-16,2022-03-17,7100,FB COMMUNITY MOBI,Merchandise,29.50,
2022-03-15,2022-03-17,7100,SAFEWAY #1138,Merchandise,38.95,
2022-03-15,2022-03-16,7100,SMCCD CSM BOOKSTORE,Merchandise,1.00,
2022-03-15,2022-03-16,7100,SMCCD CSM BOOKSTORE,Merchandise,1.50,
2022-03-16,2022-03-16,7100,AAA INSURANCE,Insurance,249.75,
2022-03-15,2022-03-16,7100,CHEVRON 0370118,Gas/Automotive,21.50,
2022-03-14,2022-03-16,7100,YUMMY SZECHUAN,Dining,57.55,
2022-03-14,2022-03-15,7100,SMCCD CSM BOOKSTORE,Merchandise,1.50,
2022-03-14,2022-03-15,7100,SMCCD CSM BOOKSTORE,Merchandise,1.50,
2022-03-14,2022-03-15,7100,FANDANGO,Entertainment,24.18,
2022-03-13,2022-03-15,7100,SAFEWAY #1138,Merchandise,49.92,
2022-03-14,2022-03-14,7100,CAPITAL ONE MOBILE PYMT,Payment/Credit,,1816.57
2022-03-13,2022-03-14,7100,DD DOORDASH TACOBELL,Dining,13.10,
2022-03-11,2022-03-14,7100,SMCCD CSM BOOKSTORE,Merchandise,2.50,
2022-03-11,2022-03-14,7100,IN N OUT BURGER 257,Dining,10.23,
2022-03-11,2022-03-12,7100,REDWOOD SKYLINE,Dining,9.81,
2022-03-11,2022-03-12,7100,PEET'S #04502,Dining,3.95,
2022-03-11,2022-03-12,7100,BETTERHELP  *JACOBS JE,Professional Services,320.00,
2022-03-10,2022-03-12,7100,PCHRG INC,Dining,230.30,
2022-03-10,2022-03-11,7100,SMCCD CSM BOOKSTORE,Merchandise,5.00,
2022-03-10,2022-03-11,7100,SMCCD CSM BOOKSTORE,Merchandise,2.50,
2022-03-09,2022-03-10,7100,SMCCD CSM BOOKSTORE,Merchandise,1.50,
2022-03-09,2022-03-10,7100,SMCCD CSM BOOKSTORE,Merchandise,2.50,
2022-03-09,2022-03-10,7100,MAJIKKU RAMEN,Dining,45.00,
2022-03-08,2022-03-09,7100,SMCCD CSM BOOKSTORE,Merchandise,2.50,
2022-03-08,2022-03-09,7100,SMCCD CSM BOOKSTORE,Merchandise,2.50,
2022-03-08,2022-03-09,7100,SQ *PEDRO POINT BREWIN,Merchandise,51.25,
2022-03-08,2022-03-09,7100,THE GREEN ENCHILADA,Dining,20.13,
2022-03-07,2022-03-09,7100,SAFEWAY #1138,Merchandise,57.12,
2022-03-08,2022-03-08,7100,CAPITAL ONE ONLINE PYMT,Payment/Credit,,600.00
2022-03-07,2022-03-08,7100,SMCCD CSM BOOKSTORE,Merchandise,2.50,
2022-03-07,2022-03-08,7100,CHEVRON 0092712,Gas/Automotive,45.09,
2022-03-07,2022-03-08,7100,Amazon.com*1W4O479P0,Merchandise,19.68,
2022-03-06,2022-03-08,7100,STARBUCKS STORE 54501,Dining,9.20,
2022-03-06,2022-03-07,7100,KINOKUNIYA BOOKSTORES,Merchandise,17.50,
2022-03-06,2022-03-07,7100,JAPANGELES,Merchandise,74.48,
2022-03-05,2022-03-07,7100,KANG HODONG BAEKJEONG,Dining,260.00,
2022-03-05,2022-03-07,7100,JTI*TWITCHTV SUB SRVCS,Other Services,4.99,
2022-03-05,2022-03-07,7100,JITLADA THE ORIGINAL S,Dining,170.00,
2022-03-06,2022-03-07,7100,SQ *KORAKU GROUP INC,Dining,48.00,
2022-03-05,2022-03-07,7100,ESCALA,Dining,15.00,
2022-03-05,2022-03-07,7100,SQ *OAKOBING,Dining,12.87,
2022-03-04,2022-03-07,7100,MONSIEUR MARCEL GOURME,Merchandise,117.49,
2022-03-05,2022-03-07,7100,DD DOORDASH DAYBIRD,Dining,38.80,
2022-03-04,2022-03-05,7100,SQ *GREEN MAYA COFFEE,Dining,11.00,
2022-03-04,2022-03-05,7100,TEN RAMEN,Dining,65.00,
2022-03-03,2022-03-04,7100,SMCCD CSM BOOKSTORE,Merchandise,5.00,
2022-03-03,2022-03-04,7100,SMCCD CSM BOOKSTORE,Merchandise,2.50,
2022-03-03,2022-03-04,7100,SFO BOURBON PUB,Dining,60.00,
2022-03-02,2022-03-03,7100,SHABUWAY,Dining,35.00,
2022-03-02,2022-03-03,7100,SMCCD CSM BOOKSTORE,Merchandise,2.50,
2022-03-02,2022-03-03,7100,SMCCD CSM BOOKSTORE,Merchandise,2.50,
2022-03-01,2022-03-03,7100,TOP POT,Dining,167.92,
2022-03-02,2022-03-03,7100,REDWOOD SKYLINE,Dining,8.76,
2022-03-01,2022-03-03,7100,WANG DAE BAK,Dining,135.00,
2022-03-01,2022-03-03,7100,60776-SFO PREPAID PARK,Gas/Automotive,45.00,
2022-03-01,2022-03-02,7100,SMCCD CSM BOOKSTORE,Merchandise,2.50,
2022-03-01,2022-03-02,7100,AMAZON.COM*1W1J99L20 A,Merchandise,15.92,
2022-02-28,2022-03-02,7100,SMCCD CSM BOOKSTORE,Merchandise,2.50,
2022-02-28,2022-03-02,7100,SAFEWAY #1138,Merchandise,43.65,
2022-02-28,2022-03-02,7100,SAFEWAY #1138,Merchandise,9.46,
2022-03-01,2022-03-02,7100,Spotify USA,Phone/Cable,9.99,
2022-03-01,2022-03-01,7100,Amazon.com*1I6QM9YU0,Merchandise,38.27,
2022-02-28,2022-03-01,7100,PEET'S #04502,Dining,4.25,
2022-02-28,2022-03-01,7100,DD DOORDASH WINGSTOP,Dining,33.36,
2022-02-28,2022-02-28,7100,CAPITAL ONE MOBILE PYMT,Payment/Credit,,1312.47
2022-02-28,2022-02-28,7100,APPLE.COM/BILL,Internet,0.99,
2022-02-27,2022-02-28,7100,DD DOORDASH TACOBELL,Dining,16.73,
2022-02-26,2022-02-28,7100,CHEVRON 0097927,Gas/Automotive,53.52,
2022-02-25,2022-02-28,7100,SAFEWAY #1138,Merchandise,9.76,
2022-02-24,2022-02-26,7100,TOP POT,Dining,167.92,
2022-02-25,2022-02-26,7100,PEET'S #04502,Dining,3.25,
2022-02-24,2022-02-25,7100,SMCCD CSM BOOKSTORE,Merchandise,1.50,
2022-02-24,2022-02-25,7100,SMCCD CSM BOOKSTORE,Merchandise,2.50,
2022-02-24,2022-02-25,7100,MCDONALDS  F6641,Dining,10.71,
2022-02-25,2022-02-25,7100,APPLE.COM/BILL,Internet,14.99,
2022-02-24,2022-02-24,7100,CAPITAL ONE ONLINE PYMT,Payment/Credit,,494.09
2022-02-23,2022-02-24,7100,SMCCD CSM BOOKSTORE,Merchandise,2.50,
2022-02-23,2022-02-24,7100,SMCCD CSM BOOKSTORE,Merchandise,2.50,
2022-02-22,2022-02-23,7100,SMCCD CSM BOOKSTORE,Merchandise,2.50,
2022-02-22,2022-02-23,7100,MAJIKKU RAMEN,Dining,160.00,
2022-02-22,2022-02-23,7100,REDWOOD SKYLINE,Dining,8.76,
2022-02-22,2022-02-23,7100,CHEVRON 0370118,Gas/Automotive,33.04,
2022-02-21,2022-02-23,7100,SAFEWAY #1138,Merchandise,45.72,
2022-02-21,2022-02-22,7100,PEET'S #04502,Dining,23.50,
2022-02-20,2022-02-21,7100,DD DOORDASH TACOBELL,Dining,16.73,
2022-02-19,2022-02-21,7100,IN N OUT BURGER 257,Dining,20.45,
2022-02-16,2022-02-19,7100,PCHRG INC,Dining,140.00,
2022-02-17,2022-02-19,7100,WANG DAE BAK,Dining,160.00,
2022-02-17,2022-02-18,7100,SMCCD CSM BOOKSTORE,Merchandise,2.50,
2022-02-17,2022-02-18,7100,SMCCD CSM BOOKSTORE,Merchandise,2.00,
2022-02-17,2022-02-18,7100,REDWOOD SKYLINE,Dining,8.76,
2022-02-17,2022-02-18,7100,AMZN MKTP US*440WX6OS3,Merchandise,27.23,
2022-02-16,2022-02-17,7100,SMCCD CSM BOOKSTORE,Merchandise,2.50,
2022-02-15,2022-02-17,7100,SAFEWAY #1138,Merchandise,47.16,
2022-02-15,2022-02-16,7100,SMCCD CSM BOOKSTORE,Merchandise,2.50,
2022-02-14,2022-02-16,7100,ALASKA A  0272128601476,Airfare,378.50,
2022-02-16,2022-02-16,7100,AAA INSURANCE,Insurance,249.75,
2022-02-15,2022-02-16,7100,Amazon.com*AJ33B9313,Merchandise,14.27,
2022-02-14,2022-02-15,7100,SMCCD CSM BOOKSTORE,Merchandise,2.49,
2022-02-14,2022-02-15,7100,SMCCD CSM BOOKSTORE,Merchandise,2.50,
2022-02-15,2022-02-15,7100,ALLIANZ TRAVEL INS,Insurance,23.66,
2022-02-14,2022-02-14,7100,CAPITAL ONE MOBILE PYMT,Payment/Credit,,1215.29
2022-02-11,2022-02-14,7100,PCHRG INC,Dining,168.00,
2022-02-13,2022-02-14,7100,SQ *PHILZ COFFEE,Dining,9.55,
2022-02-13,2022-02-14,7100,DOORDASH*MCDONALDS,Dining,27.56,
2022-02-11,2022-02-14,7100,SMCCD CSM BOOKSTORE,Merchandise,2.00,
2022-02-11,2022-02-14,7100,IN N OUT BURGER 257,Dining,10.23,
2022-02-11,2022-02-12,7100,PEET'S #04502,Dining,3.25,
2022-02-11,2022-02-12,7100,BETTERHELP  *JACOBS JE,Professional Services,320.00,
2022-02-10,2022-02-12,7100,PCHRG INC,Dining,160.00,
2022-02-10,2022-02-11,7100,SMCCD CSM BOOKSTORE,Merchandise,1.50,
2022-02-10,2022-02-11,7100,SMCCD CSM BOOKSTORE,Merchandise,2.50,
2022-02-10,2022-02-11,7100,ATT* BILL PAYMENT,Phone/Cable,94.52,
2022-02-10,2022-02-11,7100,CHEVRON 0204974,Gas/Automotive,29.46,
2022-02-09,2022-02-11,7100,SAFEWAY #1138,Merchandise,21.99,
2022-02-10,2022-02-10,7100,CAPITAL ONE AUTOPAY PYMT,Payment/Credit,,736.98
2022-02-09,2022-02-10,7100,SMCCD CSM BOOKSTORE,Merchandise,2.50,
2022-02-08,2022-02-09,7100,SMCCD CSM BOOKSTORE,Merchandise,2.50,
2022-02-08,2022-02-09,7100,NIJIYA MARKET #63,Merchandise,46.60,
2022-02-08,2022-02-09,7100,REDWOOD SKYLINE,Dining,2.95,
2022-02-07,2022-02-08,7100,SMCCD CSM BOOKSTORE,Merchandise,3.50,
2022-02-07,2022-02-08,7100,DOORDASH*TACO BELL,Dining,13.46,
2022-02-06,2022-02-08,7100,SAFEWAY #1138,Merchandise,32.62,
2022-02-07,2022-02-08,7100,AMZN Mktp US*SR9KD65A3,Merchandise,21.94,
2022-02-05,2022-02-07,7100,JTI*TWITCHTV SUB SRVCS,Other Services,3.99,
2022-02-06,2022-02-07,7100,DOORDASH*MCDONALDS,Dining,32.01,
2022-02-05,2022-02-07,7100,SHELL OIL 10014595002,Gas/Automotive,6.12,
2022-02-06,2022-02-07,7100,DOORDASH*BONCHON,Dining,184.33,
2022-02-05,2022-02-07,7100,YARD HOUSE 0108373,Dining,168.77,
2022-02-05,2022-02-05,7100,TST* Blue Line Pizza -,Dining,7.91,
2022-02-04,2022-02-05,7100,REDWOOD SKYLINE,Dining,8.76,
2022-02-04,2022-02-05,7100,PEET'S #04502,Dining,4.25,
2022-02-04,2022-02-05,7100,CHEVRON 0370118,Gas/Automotive,45.48,
2022-02-03,2022-02-04,7100,SMCCD CSM BOOKSTORE,Merchandise,2.50,
2022-02-03,2022-02-04,7100,MAJIKKU RAMEN,Dining,37.00,
2022-02-03,2022-02-04,7100,REDWOOD SKYLINE,Dining,8.76,
2022-02-02,2022-02-04,7100,SAFEWAY #1138,Merchandise,3.99,
2022-02-02,2022-02-04,7100,PCHRG INC,Dining,164.06,
2022-02-02,2022-02-03,7100,SMCCD CSM BOOKSTORE,Merchandise,3.50,
2022-02-02,2022-02-03,7100,PEET'S #04502,Dining,3.25,
2022-02-02,2022-02-03,7100,AMAZON.COM*T80AP8EY3 A,Merchandise,60.15,
2022-02-01,2022-02-02,7100,SMCCD CSM BOOKSTORE,Merchandise,2.50,
2022-02-01,2022-02-02,7100,Spotify USA,Phone/Cable,9.99,
2022-01-31,2022-02-01,7100,SMCCD CSM BOOKSTORE,Merchandise,4.13,
2022-01-31,2022-02-01,7100,SMCCD CSM BOOKSTORE,Merchandise,2.50,
2022-01-31,2022-02-01,7100,HIMAWARI TEI,Dining,40.00,
2022-01-30,2022-02-01,7100,SAFEWAY #1138,Merchandise,46.62,
2022-01-30,2022-02-01,7100,SAFEWAY #1138,Merchandise,9.88,
2022-01-30,2022-01-31,7100,DD DOORDASH TACOBELL,Dining,21.92,
2022-01-30,2022-01-31,7100,DD DOORDASH PHOLITTLE,Dining,32.32,
2022-01-29,2022-01-31,7100,DOORDASH DASHPASS,Dining,,9.99
2022-01-29,2022-01-31,7100,TST* NOODLEOSOPHY - SA,Dining,28.65,
2022-01-28,2022-01-31,7100,SAFEWAY #1138,Merchandise,5.43,
2022-01-28,2022-01-29,7100,ICICLE CREAM ROLL,Dining,13.23,
2022-01-28,2022-01-29,7100,REDWOOD SKYLINE,Dining,11.60,
2022-01-28,2022-01-29,7100,PEET'S #04502,Dining,4.25,
2022-01-28,2022-01-28,7100,APPLE.COM/BILL,Internet,14.99,
2022-01-28,2022-01-28,7100,APPLE.COM/BILL,Internet,0.99,
2022-01-26,2022-01-27,7100,SMCCD CSM BOOKSTORE,Merchandise,1.99,
2022-01-26,2022-01-27,7100,SMCCD CSM BOOKSTORE,Merchandise,2.50,
2022-01-26,2022-01-27,7100,MAJIKKU RAMEN,Dining,46.00,
2022-01-26,2022-01-27,7100,CHEVRON 0370118,Gas/Automotive,50.67,
2022-01-26,2022-01-26,7100,CAPITAL ONE ONLINE PYMT,Payment/Credit,,1247.16
2022-01-25,2022-01-26,7100,SMCCD CSM BOOKSTORE,Merchandise,1.99,
2022-01-25,2022-01-26,7100,SMCCD CSM BOOKSTORE,Merchandise,2.50,
2022-01-25,2022-01-26,7100,NIJIYA MARKET #63,Merchandise,50.74,
2022-01-24,2022-01-26,7100,SAFEWAY #1138,Merchandise,31.35,
2022-01-24,2022-01-26,7100,SAFEWAY #1138,Merchandise,5.99,
2022-01-24,2022-01-25,7100,SMCCD CSM BOOKSTORE,Merchandise,1.99,
2022-01-24,2022-01-25,7100,PEET'S #04502,Dining,3.25,
2022-01-24,2022-01-25,7100,DD DOORDASH WINGSTOP,Dining,21.83,
2022-01-21,2022-01-24,7100,PCHRG INC,Dining,245.00,
2022-01-22,2022-01-24,7100,IN N OUT BURGER 257,Dining,20.45,
2022-01-21,2022-01-22,7100,REDWOOD SKYLINE,Dining,3.50,
2022-01-20,2022-01-21,7100,SMCCD CSM BOOKSTORE,Merchandise,2.50,
2022-01-19,2022-01-20,7100,SMCCD CSM BOOKSTORE,Merchandise,2.50,
2022-01-18,2022-01-19,7100,NIJIYA MARKET #63,Merchandise,66.70,
2022-01-18,2022-01-19,7100,TARGET        00011221,Merchandise,18.83,
2022-01-18,2022-01-19,7100,SMCCD CSM BOOKSTORE,Merchandise,2.50,
2022-01-18,2022-01-18,7100,DOORDASH*MCDONALDS,Dining,29.67,
2022-01-16,2022-01-17,7100,CAPITAL ONE ONLINE PYMT,Payment/Credit,,810.68
2022-01-17,2022-01-17,7100,DOORDASH*PANDA EXPRESS,Dining,46.14,
2022-01-16,2022-01-17,7100,IN N OUT BURGER 257,Dining,20.02,
2022-01-15,2022-01-17,7100,SMCCCD,Other,365.00,
2022-01-15,2022-01-17,7100,SAFEWAY #1138,Merchandise,32.03,
2022-01-16,2022-01-17,7100,AAA INSURANCE,Insurance,251.51,
2022-01-16,2022-01-17,7100,Etsy.com - Mikarya,Merchandise,22.56,
2022-01-15,2022-01-17,7100,PEET'S #04502,Dining,26.30,
2022-01-15,2022-01-17,7100,CHEVRON 0097927,Gas/Automotive,43.51,
2022-01-14,2022-01-15,7100,PEET'S #04502,Dining,3.25,
2022-01-14,2022-01-15,7100,DOORDASH DASHPASS,Dining,9.99,
2022-01-14,2022-01-15,7100,BETTERHELP  *JACOBS JE,Professional Services,320.00,
2022-01-14,2022-01-15,7100,DD DOORDASH MCDONALDS,Dining,29.67,
2022-01-13,2022-01-14,7100,AMZN MKTP US*471OD7VQ3,Merchandise,10.93,
2022-01-13,2022-01-14,7100,MAJIKKU RAMEN,Dining,37.00,
2022-01-13,2022-01-14,7100,PEET'S #04502,Dining,3.25,
2022-01-12,2022-01-14,7100,IN N OUT BURGER 257,Dining,15.48,
2022-01-12,2022-01-13,7100,PEET'S #04502,Dining,4.25,
2022-01-11,2022-01-12,7100,PEET'S #04502,Dining,3.25,
2022-01-10,2022-01-11,7100,AT&T MOBILITY EPAY,Phone/Cable,94.47,
2022-01-10,2022-01-11,7100,PEET'S #04502,Dining,3.25,
2022-01-10,2022-01-11,7100,SQ *DINOSAURS SANDWICH,Dining,39.62,
2022-01-10,2022-01-10,7100,CAPITAL ONE AUTOPAY PYMT,Payment/Credit,,304.79
2022-01-09,2022-01-10,7100,TRADER JOE'S #174  QPS,Merchandise,28.68,
2022-01-09,2022-01-10,7100,SHABUWAY,Dining,47.00,
2022-01-09,2022-01-10,7100,PEET'S #04502,Dining,7.90,
2022-01-09,2022-01-10,7100,TARGET        00011221,Merchandise,44.46,
2022-01-08,2022-01-10,7100,CHEVRON 0097927,Gas/Automotive,34.53,
2022-01-07,2022-01-08,7100,PEET'S #04502,Dining,4.25,
2022-01-06,2022-01-07,7100,PEET'S #04502,Dining,3.25,
2022-01-05,2022-01-06,7100,PEET'S #04502,Dining,3.25,
2022-01-04,2022-01-05,7100,PEET'S #04502,Dining,3.25,
2022-01-03,2022-01-04,7100,PEET'S #04502,Dining,3.25,
2022-01-02,2022-01-03,7100,TRADER JOE'S #174  QPS,Merchandise,42.15,
2022-01-02,2022-01-03,7100,PEET'S #04502,Dining,4.40,
2022-01-01,2022-01-03,7100,SOUTHWES  5261465824393,Airfare,92.96,
2022-01-01,2022-01-03,7100,NIJIYA MARKET #63,Merchandise,32.42,
2022-01-01,2022-01-03,7100,PEET'S #04502,Dining,4.40,
2022-01-01,2022-01-03,7100,CHEVRON 0370118,Gas/Automotive,45.23,
2022-01-01,2022-01-03,7100,Spotify USA,Phone/Cable,9.99,
2021-12-31,2022-01-03,7100,IN N OUT BURGER 257,Dining,20.45,
2022-01-01,2022-01-03,7100,DD DOORDASH PHOLITTLE,Dining,35.54,
2021-12-31,2022-01-03,7100,DD DOORDASH WINGSTOP,Dining,23.96,
2021-12-31,2022-01-03,7100,DD DOORDASH LACORNETA,Dining,19.62,

